,Karen,Scott,Jessica,write a review,A verified traveler,Kevin,William,R,S,Christopher,Contributor,Chris,Patricia,Lisa,Mike,John,Nancy,H,Jason,Stephen,Anonymous,Jeffrey,Jennifer,Linda,Richard,James,Charles,Robert,Paul,George,Barbara,Steve,Eric,Mark,Mary,C,Daniel,Donald,David,Thomas,Susan,A Traveler,M,Not Provided,B,Laura,xxxxxxxxxxxxxx,Michael,Joseph
1785 Inn,,,,,,,,,,,,,,,,,,,,,,,,,,,,,,,,,,,,,,,,,,,,,,,,,
1900 House,,,,,,,,,,,,,,,,,,,,,,,,,,,,,,,,,,,,,,,,,,,,,,,,,
A Bed & Breakfast In Cambridge,,,,,,,,,,,,,,4.0,,,,,,,,,,,,,,,,,,,,,,,,,4.0,,,3.0,,,,,,,
A Swallow's Nest Motel,,,,,,,,,,,,,,,,,,,,,,,,,,,,,,,,,,,,,,,,,,,,,,,,,
Abbeville Inn,,,,,,,,,,,,,,,,,,,,,,,,,,,,,,,,,,,,,,,,,,,,,,,,,
Adria Motor Inn,,,,,,,,,,,,,,,,,,,,,,,,,,,,,,,,,,,,,,,,,,,,,,,,,
Agate Beach Motel,,,,,,,,,,,,,,,,,,,,,,,,,,,,,,,,,,,,,,,,,,,,,,,,,
Albert's Motel,,,,,,,,,,,,,,,,,,,,,,,,,,,,,,,,,,,,,,,,,,,,,,,,,
Alyssa's Motel,,,,,,,,,,,,,,,,,,,,,,,,,,,,,,,,,,,,,,,,,,,,,,,,,
Ambassadors Inn and Suites,,,,,,1.0,,3.0,,,,,2.0,1.0,,2.0,,,,,,,,2.0,3.0,5.0,4.0,2.0,,,4.0,,,,,,,,,,,5.0,3.0,,,,,5.0,
America's Best Value Inn,,,,,,,,,,,,,,,,,,,,,,,,,,,,,,,,,,,,,,,,,,,,,,,,,
American Star Inn and Suites Atlantic City,3.0,,1.0,,,,,,1.0,,,,,,,1.0,,,,,,,,,,,,3.0,,,,,,,,,,,,,,1.0,,,,,,,
Americana Resort Properties,,,,,,,,,,,,,,,,,,,,,,,,,,,,,,,,,,,,,,,,,,,,,,,,,
Americas Best Value Inn,5.0,1.0,1.0,,,,2.0,1.0,,,,,5.0,,1.0,3.0,,,5.0,,,,3.0,,2.0,,4.0,3.0,,,1.0,,2.0,1.0,2.0,,,4.0,1.0,,1.0,3.0,,,,,,1.0,1.0
Americas Best Value Inn - Medical Center/airport,5.0,,,,,4.0,,,,,,,,,,,,,,,,,,,,,,,,,,,,,,,,,3.0,,,4.0,,,,4.0,,5.0,
Americas Best Value Inn and Suites,2.0,,,,,,1.0,,,,,,,,4.0,,,,1.0,,,,,,,2.0,,1.0,,,,,,,1.0,,,,,,4.0,2.0,,4.0,,,,,
Americinn Coralville,3.0,5.0,,,,,,,,3.0,,,,,,,,,3.0,,,,,,,,3.0,,,,,,4.0,,4.0,,,,3.0,4.0,,4.0,,1.0,,,,,
Americinn Lodge and Suites,,,,,,,,,,,,,,,,,,,,,,,,,,,,,,,,,,,,,,,,,,,,,,,,,
Amerihost Inn,,,,,,,,,,,,,,,,,,,,,,,,,,,,,,,,,,,,,,,,,,,,,,,,,
Amisos Hotel,,,,,,,,,,,,,,,,2.0,,,,,,,,,,,,4.0,,,,,,,,,,,,,,3.0,,,,,,2.0,
Anaheim Marriott Suites,,,,,,,,,,,,,,,,4.0,,,,,,,,,,,,5.0,,,,,5.0,,,,,,,,,5.0,,,4.0,,,4.0,
Anglers Inn,,,,,,,,,,,,5.0,,,,,,,,,,,,,,,4.0,5.0,,,,5.0,,,4.0,,,,4.0,,,4.0,,,,,,,
Antlers Inn,,,,,,,,,,,,,,,,,,,,,,,,,,,,,,,,,,,,,,,,,,,,,,,,,
Arion,,,,,,,,,,,,,,,,5.0,,,,,,,,,,,,,5.0,,,,,,5.0,,,,5.0,5.0,,5.0,,,,,,,
Arizona Inn of Prescott Valley,,,,,,,,,,,,,2.0,,,3.0,5.0,,,,,,,,4.0,,,5.0,,,,,,2.0,,,4.0,,,,,4.0,2.0,,,,,,
Atlanta Marriott Northwest At Galleria,,,,,,,,,,,,,,,,,,,,,,,,,,,,,,,,,,,,,,,,,,,,,,,,,
Atlantic House,,,,,,,,,,,,,,,,,,,,,,,,,,,,,,,,,,,,,,,,,,,,,,,,,
Avalon Hotel Group,,,,,,,,,,,,,,,,,,,,,,,,,,,,,,,,,,,,,,,,,,,,,,,,,
Azul Beach Hotel By Karisma Gourmet Inclusive,,,,,,,,,3.0,,,5.0,,,,,,,,,,,,,,,,,,,,,,,,,,,,,,5.0,,,,,,,
Bailey Hotel,,,,,,,,,,,,,,,,,,,,,,,,,,,,,,,,,,,,,,,,,,,,,,,,,
Barber Joyce,,,,,,,,,,,,,,,,,,,,,,,,,,,,,,,,,,,,,,,,,,,,,,,,,
Bay Haven Inn Bed Breakfast,,,,,,,,,,,,,,,,,,,,,,,,,,,,,,,,,,,,,,,,,,,,,,,,,
Baymont Inn & Suites Griffin,,3.0,,,,,,,,,,,5.0,,,3.0,,,,,,,,5.0,,5.0,,2.0,,,,,5.0,,,,4.0,,,5.0,,5.0,,,,,,4.0,
Baymont Inn and Suites Boone,,,,,,,,,5.0,,,4.0,,,,,,,3.0,,,,,,,,,,,,,,,,,,,,,4.0,,5.0,,,,,,,2.0
Baymont Inn and Suites Enid,,,,,,,,,,,,,,,,2.0,,,4.0,,,,,,4.0,,4.0,,,,,,,,5.0,,3.0,4.0,2.0,,,5.0,,,,,,,
Bayside Resort Hotel,5.0,4.0,,,,,,,,,,,,5.0,,,,,,,,,,,4.0,,,4.0,,4.0,5.0,,,5.0,4.0,,,,,5.0,,4.0,,,,,,5.0,
Beacon Motel,,,,,,,,,,,,,,,,,,,,,,,,,,,,,,,,,,,,,,,,,,,,,,,,,
Bear Cove Inn,,,,,,,,,,,,,,,,,,,,,,,,,,,,,,,,,,,,,,,,,,,,,,,,,
Bellaire Motel Lodge,,,,,,,,,,,,,,,,,,,,,,,,,,,,,,,,,,,,,,,,,,,,,,,,,
Best Western,,,,,,,,,,,,,,,,,,,,,,,,,,,,,,,,,,,,,,,,,,,,,,,,,
Best Western Burlington Inn,,,,,,,,,,,,,,,,,,,,,,,,,,,,,,,,,,,,,,,,,,,,,,,,,
Best Western Hartford Hotel & Suites,,,,,,4.0,,,,,,,,,,4.0,,,,,,,,,,3.0,,,,,,,,4.0,,,,,5.0,3.0,,4.0,,,,,,3.0,
Best Western Holiday Hills,,4.0,,,,,,,,,,,,,,5.0,,,,,,,,,,,,,,,,,,,,4.0,,,,5.0,,4.0,,,,5.0,,,
Best Western Hospitality Hotel and Suites,5.0,,,,,4.0,,,5.0,,,,,,,,,,,,,,,,3.0,,,1.0,,,,,,,,,,,4.0,4.0,,3.0,,,,,,5.0,
Best Western Hotel De Neuville,,,,,,,,4.0,,,,,,,,,,4.0,,,,,,,,,,,,,,,,,,,,,,,5.0,5.0,,,,,,,
Best Western Knoxville Suites,,,5.0,,,,,,,,,,,,,,,,,5.0,,,,,,,,2.0,,,,,,,,,,,3.0,,,5.0,,,,,,4.0,
Best Western Luxury Inn,,,,,,,,,,,5.0,,,,,,,,,,,,,,,,,,,,,,,,,,,,,,,,,,,,,,
Best Western Plus,,,,,,,,,,,,,,,,,,,,,,,,,,,,,,,,,,,,,,,,,,,,,,,,,
Best Western Plus Arlington North Hotel and Suites,,,5.0,,,,1.0,,,,,,,,,5.0,,,,,,,,,5.0,,,2.0,,,,,,,5.0,,4.0,,,,,5.0,,,,,,,
Best Western Plus French Quarter Landmark Hotel,,,3.0,,,,,,,,,,,,,,,,,,,,,,,,,4.0,,,,,,,3.0,,,,3.0,,,4.0,,,4.0,,,5.0,
Best Western Plus Humboldt House Inn,,,,,,,,,,,,,,,,,,,,,,,,,,,,,,,,,,,,,,,,,,,,,,,,,
Best Western Plus Kelly Inn,,,,,,,,,,,,,,,,,,,,,,,,,,,,3.0,,,4.0,,,5.0,,,,4.0,,,,4.0,,,,,,2.0,
Best Western Plus San Marcos Inn,,,,,,,,,,,5.0,,,,,,,,,,,,,,2.0,,,,,,4.0,,,,2.0,,,,,,,4.0,,,,,,,
Best Western Plus Waterville Grand Hotel,,5.0,,,3.0,3.0,2.0,,,4.0,,,,4.0,5.0,5.0,,,,4.0,,,,,,,,5.0,,,,,,4.0,4.0,,,,,,,5.0,,,,,,,
Best Western Rama Inn & Suites,,,,,,,,,,,,,,,,,,,,,,,,,,,,,,,,,,,,,,,,,,,,,,,,,
Best Western Saint-etienne Aeroport,,,,,,,,,,,,,,,,,,,,,,,,,5.0,,,,,,,,4.0,,,,,,,,,3.0,,,,,,,
Best Western Silicon Valley Inn,,,,,,,,,,,,5.0,,,,,,,,,,3.0,,,,,,,,4.0,3.0,,,,4.0,,,,,,4.0,5.0,,,5.0,,,,
Best Western of Long Beach,,4.0,,,,,,,,2.0,,,,,,3.0,,,,,,2.0,,1.0,,,,,,,,,,,,3.0,,,,,,3.0,4.0,,5.0,,,5.0,
Bethesda Gardens,,,,,,,,,,,,,,,,,,,,,,,,,,,,,,,,,,,,,,,,,,,,,,,,,
Big Mountain Lodge,5.0,,,,,,,,,,,,,,,,,,,,,,,,,,,,,,,,,,,,,,,,,4.0,,,,,,,
Boardroom Motel,,,,,,,,,,,,,,,,,,,,,,,,,,,,,,,,,,,,,,,,,,,,,,,,,
Body Tuneup,,,,,,,,,,,,,,,,,,,,,,,,,,,,,,,,,,,,,,,,,,,,,,,,,
Boiling Springs Resort Canoe Rental,,,,,,,,,,,,,,,,,,,,,,,,,,,,,,,,,,,,,,,,,,,,,,,,,
Brasstown Valley Golf Club,,,,,,,,,,,,,,,,,,,,,,,,,,,,,,,,,,,,,,,,,,,,,,,,,
Briarcliff,,,,,,,,,,,,,,,,,,,,,,,,,,,,,,,,,,,,,,,,,,,,,,,,,
Brightwood Inn Country Inn,,,,,,,,,,,,,,,,5.0,,,,,,,,,,4.0,,,,,,,,,,,,,,,5.0,5.0,,,,,,,
Brooks Donald L Jr,,,,,,,,,,,,,,,,,,,,,,,,,,,,,,,,,,,,,,,,,,,,,,,,,
Brookside Motel,,,,,,,,,,,,,,,,,,,,,,,,,,,,,,,,,,,,,,,,,,,,,,,,,
Budget Host,,,,,,,,,,,,,,,,,,,,,,,,,,,,,,,,,,,,,,,,,,,,,,,,,
Budget Inn,,,,,,,,,,,,,,,,,,,,,,,,,,,,,,,,,,,,,,,,,,,,,,,,,
Busy B Ranch,,,,,,,,,,,,,,,,,,,,,,,,,,,,,,,,,,,,,,,,,,,,,,,,,
Cal Neva Resort,,,,,,,,,,,,,,,,,,,,,,,,,,,,,,,,,,,,,,,,,,,,,,,,,
Calloway Inn,,,,,,,,,,,,,,,,,,,,,,,,,,,,,,,,,,,,,,,,,,,,,,,,,
Campanile Lyon Ecully,,,,,,,,,,,,,,,,,,,,,,,,,,,,,,,,,,,,,,,2.0,,,2.0,,,,,,,
Campus Inn & Suites Eugene Downtown,,,,,,,,,,,,,5.0,1.0,,4.0,,,,,,,,,4.0,,,2.0,,,,,4.0,,,,,,3.0,4.0,5.0,3.0,3.0,4.0,,,,5.0,5.0
Candlewood,,,,,,,,,,,,,,,,,,,,,,,,,,,,,,,,,,,,,,,,,,,,,,,,,
Candlewood Suites Eugene Springfield,,,,,,,,,,,,9.6,,,,10.0,,,10.0,,5.4,,,,10.0,9.6,,8.8,,,10.0,,,,,,,,10.0,7.0,9.6,,,,,6.7,,9.5,2.5
Candlewood Suites Huntersville,,,,,,,,,,,,,,,,2.0,,,,,,,4.0,,,5.0,,,2.0,,,4.0,,,,3.0,,,4.0,,,4.0,,,,,,,
Canyon Gate Motel,,,,,,,,,,,,,,,,,,,,,,,,,,,,,,,,,,,,,,,,,,,,,,,,,
Carleton Hotel,,,,,,,,,,,,,,,,,,,,,,,,,,,,,,,,,,,,,,,,,,,,,,,,,
Casa Del Mar Inn Bandb,,,3.0,,,,,,3.0,,,,,,,4.0,,,,,,,,,,5.0,,,,,,,,,,,,,,4.0,,2.0,,,,,,,
Cascabel,,,,,,,,,,,,,,,,,,,,,,,,,,,,,,,,,,,,,,,,,,,,,,,,,
Castle Kona Reef,,3.0,,,,,,,4.0,,,,3.0,,4.0,,,3.0,,,,,,3.0,4.0,,,,,5.0,,,,5.0,,,,,2.0,,,4.0,,,,,,,
Cedar Crest Inn,,,,,,,,,,,,,,,,,,,,,,,,,,,,,,,,,,,,,,,,,,,,,,,,,
Central House,,,,,,,,,,,,,,,,,,,,,,,,,,,,,,,,,,,,,,,,,,,,,,,,,
Chalet Leon At Hector Falls,,,,,,,,,,,,,,,,,,,,,,,,,,,,,,,,,,,,,,,,,,,,,,,,,
Chalfant House,,,,,,,,,,,,,,,,,,,,,,,,,,,,,,,,,,,,,,,,,,,,,,,,,
Chelsea Inn,2.0,,,,,4.0,,,,,,3.0,4.0,,,,,,,,,4.0,,,4.0,,,,,,4.0,,,,,,,,,,,4.0,,,3.0,,,,
Cherokee Lodge Bed and Breakfast,,,,,,,5.0,,,,,,,3.0,4.0,,,,,,,,,,,,,,1.0,,,4.0,,,4.0,,,4.0,,,5.0,4.0,,4.0,,,,,
Cherry Orchard Inn,,,,,,,,,4.0,,,,,,,,,,,5.0,,,,,,5.0,,,3.0,,,,,,,,,,3.0,,,4.0,,4.0,,,,4.0,
Chippewa Hotel,,,,,,,,,,,,,,,,,,,,,,,,,,,,,,,,,,,,,,,,,,,,,,,,,
Citrus Hills Lodge Hernando,,,,,,,,,,,,,,,,,,,,,,,,,,,,,,,,,,,,,,,,,,,,,,,,,
City Express Irapuato,,,,,,,,,,,,,,,,,,,,,,,,,,,,,,,,,,,,,,,,,,2.0,,,,5.0,,5.0,
Clarion,,,,,,,,,,,,,,,,,,,,,,,,,,,,,,,,,,,,,,,,,,,,,,,,,
Clarion Inn Strasburg - Lancaster,,,,,,,,,,,,,,,,,,,,,,,,,,,,,,,,,,,,,,,,,,,,,,,,,
Clatskanie River Inn,,,,,,,,,,,,4.0,,,,,,,5.0,,,,,,,3.0,,,,5.0,,,,,,,,,,,,5.0,,,,,,,
Cliffrose Lodge Gardens,,,,,,,,,,,,,,,,,,,,,,,,,,,,,,,,,,,,,,,,,,,,,,,,,
Close For You,,,,,,,,,,,,,,,,,,,,,,,,,,,,,,,,,,,,,,,,,,,,,,,,,
Clubhouse At River Country Est,,,,,,,,,,,,,,,,,,,,,,,,,,,,,,,,,,,,,,,,,,,,,,,,,
Colonial Motel,,,,,,,,,,,,,,,,,,,,,,,,,,,,,,,,,,,,,,,,,,,,,,,,,
Columbia Gorge Riverside Lodge,,,,,,,,,,,,,,,,,,,,,,,,,,,,,,,,,,,,,,,,,,,,,,,,,
Comfort Hotel Nation Pere Lachaise Paris 11,,,,,,,,,,,,,,,,,,,,,,,,,,,,5.0,,,,,,,,,,,,,,3.0,,,,,,,
Comfort Inn,,,,,,,,,2.0,,5.0,,,5.0,5.0,,,,,,,,,,,4.0,,4.0,,,,,,,,,,,,3.0,,3.0,,,,3.0,,4.0,
Comfort Inn & Suites,,,,,,,,,,,,,,,,,,,,,,,,,,,,,,,,,,,,,,,,,,,,,,,,,
Comfort Inn - Springfield,4.0,,,,,,,,3.0,,,,,,,4.0,5.0,,,,,,,,,,,,4.0,,,,3.0,,,,,,1.0,,,5.0,,,,,,,
Comfort Inn Birmingham - Irondale,,,,,,4.0,3.0,,,,,4.0,,,,4.0,,3.0,,,,,,,4.0,,,,,3.0,,,,,,,,4.0,,4.0,,4.0,,,,,,1.0,4.0
Comfort Inn Deland - Near University,4.0,,,,,,,,,,,,4.0,,,4.0,,,4.0,5.0,,,5.0,,,,,5.0,,,,,,,4.0,,,,,,,5.0,,,,,,4.0,4.0
Comfort Inn Humboldt Bay,,,,,,,,,,,3.0,,,,,,,,,,,,,,,,,,,,,,,,,,,,,,,,,,,,,,
Comfort Inn Huntingdon,,,,,,,,,,,,,4.0,,,,,,,,,,,,,3.0,,,,,,3.0,,,4.0,,,,,3.0,3.0,1.0,,,,,,,
Comfort Inn Livermore,,,,,,,,,,,,,,,,,4.0,,,,,,,5.0,,,,,,,,,,4.0,,,,,,4.0,,4.0,,,,,,4.0,4.0
Comfort Inn Montgomery,,,,,,,,,,,,,,,,,,,,,,,,,,,5.0,,,,,,,3.0,,,,,,,,3.0,,,,,,2.0,
Comfort Inn and Suites,,3.0,,,,,4.0,,,,,,,,4.0,,,,,,,,,,,5.0,,,,,,,,,,,,,4.0,5.0,5.0,4.0,,,,,,5.0,
Comfort Inn and Suites Bend,,,,,,,,,,,,,,,,,,,,,,,,,5.0,5.0,,,,,,,,,,,,,,,,4.0,,,,,,,4.0
Comfort Inn and Suites O'fallon,,,,,,,,,,,,5.0,,,,,,,,,,,4.0,,,,,,,,,4.0,,,,,,,,,,3.2,,,,,,,
Comfort Suites,3.0,,,,,,3.0,4.0,5.0,,5.0,,1.0,,,4.0,,,,,,,4.0,,,4.0,5.0,3.0,,,5.0,,5.0,,,3.0,,4.0,3.0,,,5.0,,4.0,,,,4.0,4.0
Comfort Suites Fort Pierce,,1.0,4.0,,,,,,,,,,,,,,,,3.0,,,,3.0,5.0,,,,,,,,,,4.0,,,,,,,,3.0,,,,,,,
Comfort Suites South,,,,,,,,,,,,,,,,,,,,,,,,,,,,,,,,,,,,,,,,,,,,,,,,,
Comfort Suites Southport,,,,,,,,,,,,,3.0,,,3.0,,,,,,,1.0,,4.0,,,,,,,,,,5.0,,,,,,4.0,5.0,,4.0,,,,,
Corey Motel,,,,,,,,,,,,,,,,,,,,,,,,,,,,,,,,,,,,,,,,,,,,,,,,,
Country Inn & Suites By Carlson,3.0,,,,,,,,,,,5.0,,,,5.0,4.0,,4.0,,,,5.0,5.0,4.0,3.0,,,,,,,,,,,,,,,,3.0,,,,5.0,,5.0,4.0
"Country Inn & Suites By Carlson, Rocky Mount, Nc",,,,,,,,,,,,,,,,,,,,,,,,,,,,,,,,,,,,,,,,,,,,,,4.0,,,
Country Inn Walker,,,,,,,,,,,,,,4.0,,,,,,,,,,,,,,,,,5.0,,,,4.0,,,,,,,5.0,,,,,,,
Country Inn and Suites By Carlson,,,,,,,,,,,,,,,,,,,,,,,,,,,,,,,,,,5.0,,,4.0,,4.0,,,2.0,,,,,,,
Country Inn and Suites By Carlson Charlotte University Place,,5.0,2.0,,,,,5.0,,,,,,5.0,,,,,,,,,,5.0,4.0,,,4.0,,,,,,2.0,,5.0,,,,,,5.0,,,,5.0,,,5.0
Country Inn and Suites By Carlson Corbin,4.0,,5.0,,,,,,,5.0,,,,,,4.0,,,5.0,4.0,,,5.0,,,,,,,5.0,,,,4.0,,,,,4.0,,,5.0,,2.0,,,,5.0,
Country Inn and Suites By Carlson Galena,5.0,,,,,4.0,,,,,,,,4.0,,,,,,,,,,,,,,5.0,,,,,,,,5.0,,,3.0,,4.0,4.0,4.0,,,,,5.0,
Country Inns Suites,,,,,,,,,,,,,,,,,,,,,,,,,,,,,,,,,,,,,,,,,,,,,,,,,
Courtyard Burlington Harbor,,,,,,,,,,,,,,,,,,,,,,,,,,,,,,,,,,,,,,,,,,,,,,,,,
Courtyard By Marriott Downtown Boise,,,,,,,,,,,,,,,,,,,,,,4.0,,,,,,,4.0,,,4.0,,5.0,5.0,,,,5.0,,,4.0,,,,,,,
Courtyard By Marriott Rockaway Mount Arlington,,,3.0,,,,,,,,,,,,,,,,,4.0,,,,,,,,,3.0,,,,,,,,5.0,,4.0,,,3.0,,,,,,4.0,
Courtyard Hattiesburg,,,,,,,,,,,,,,,,,,,,,,,,,,,,,,,,,,,,,,,,,,,,,,,,,
Courtyard San Marcos,,,,,4.0,,,,,4.0,,,,,,,,,,,,,,,,,,,,,,,,,,,,,,,,,,,,,,,
Crossland Economy Studios - Lake Charles - Sulphur,3.0,,,,,,,,,,,,,1.0,,2.0,,,,,,,,5.0,4.0,,,,,,2.0,,,,,,,,,,,1.0,,,,,,,
Cypress Suites,,,,,,,,,,,,,,,,,,,,,,,,,,,,,,,,,,,,,,,,,,,,,,,,,
Dallas/fort Worth Marriott Solana,,4.0,,,,,,,,,,,,,,1.0,,,3.0,,,,,,5.0,4.0,,,,,,,,,,,,,5.0,5.0,,5.0,,,,,,,
Davison St Guest House,,,,,,,,,,,,,,,,,,,,,,,,,,,,,,,,,,,,,,,,,,,,,,,,,
Days Inn,,,,,,,,,,,,,,,,,,,,,,,,,,,,,,,,,,,,,,,,,,,,,,,,,
Days Inn & Suites Castle Rock,5.0,,,,,,,,,,,,,,,,,,,,,,,,,3.0,,4.0,,,,,,,,,,4.0,,,,1.0,,,,,,2.0,
Days Inn & Suites Vicksburg,,,,,,,,,,,,,,,,,,,,,,,,,,,,,,,,,,,,,,,,,,,,,,,,,
Days Inn Bangor Airport,,3.0,,,,,,,5.0,,,,,,,,3.0,,,,,,,5.0,5.0,,,4.0,,4.0,,,,,,,,,5.0,,,3.0,,,,,,,
Days Inn Berea Ky,,,,,,,,,,,,,,,,,,,,,,,,,,,,,,,,,,,,,,,,,,,,,,,,,
Days Inn Bowling Green,,,,,,,,,,,,,,,,,,,,,,,,,,,,,,,,,,,,,,,,,,,,,,,,,
Days Inn Branson / Near The Strip,,,,,,,5.0,,,,,,,,,,,,,,,,,2.0,4.0,3.0,,5.0,,,,,,4.0,,,,,,,,4.0,,,,,,,
Days Inn Branson Mo,,,,,,,,,,,,,,,,,,,,,,,,,,,,,,,,,,,,,,,,,,,,,,,,,
Days Inn Brookings,,,,,,,,,4.0,,,,2.0,,,4.0,,,,,,,,,3.0,,,,3.0,,,,,,,,,,,,,1.0,,,,,,,
Days Inn El Reno Ok,,,,,,,,,,,,,,,,,,,,3.0,,,3.0,,,,,,,,,,,,,,,,,,,2.0,,,,,,,
Days Inn Fort Wayne,,2.0,,,,,4.0,,,,,,,,2.0,,,,,,,,,,,,3.0,,,,,,,,,,4.0,,,,,3.0,,,,2.0,,,5.0
Days Inn Lanham Washington Dc,5.0,,,,,,,,,,,,,,,4.0,,,,,,,,,,,,,,,,1.0,,,,,,,,,,4.0,,,4.0,,,,
Days Inn North Columbia Ft. Jackson,,,,,,,,,,,,,,,,2.0,,,,,,,,,4.0,5.0,,,,,,,,4.0,,,,,,,,3.0,,,,,,,
Days Inn Ruther Glen Kings Dominion Area,,3.0,,,,,,,,,,,5.0,,,,,,,,,,1.0,,,,3.0,,,,,,,,,,,,,,,2.0,,,,,,,
Days Inn Statesville,,,,,,,,,,,,,,,,,,,,,,,,,,,,,,,,,,,,,,,,,,,,,,,,,
Days Inn Suites,,,,,,,,,,,,,,,,,,,,,,,,,,,,,,,,,,,,,,,,,,,,,,,,,
Days Inn Tallulah,,,,,,,,,,,,,,,,,,,,,,,,,,,,,,,,,,,,,,,,,,,,,,,,,
Days Inn Warren,,,,,4.0,,,,,,,,5.0,,,4.0,,,,,,,4.0,,,4.0,,,,4.0,,,,,,,,,,,,,,,,,,,
Days Inn West Memphis,4.0,,,,,,,,,,,,,,,4.0,,,,,,3.0,,,,,,3.0,,,5.0,,,,,,,2.0,,,,3.0,,,3.0,,,3.0,
Days Inn and Suites Albany,,,,,,,,,,,,,4.0,,,,,,,,,3.0,4.0,,,1.0,,1.0,3.0,2.0,,,,,,,,,,,,1.0,,,,,,4.0,
Days Inn-amarillo-medical Ctr,,,,,,,,,,,,,,,,,,,,,,,,,,,,,,,,,,,,,,,,,,,,,,,,,
Dead Broke Inn,,,,,,,,,,,,,,,,,,,,,,,,,,,,,,,,,,,,,,,,,,,,,,,,,
Discovery Inn,,,,,,3.0,,,2.0,,,,,,,1.0,,,,,,,,,,,,,,,,,,,,,1.0,,3.0,,,5.0,,,,5.0,,4.0,
Dockers Inn,,,,,,,,,,1.0,,,,,,3.0,4.0,,5.0,,,2.0,,3.0,,4.0,,,,,,,,,4.0,,,,5.0,,,4.0,,,,,,,
Doubletree By Hilton Hotel Bay City - Riverfront,,,,,,,,,,4.0,,,,5.0,,,,,,,,,,,,,,,,,,5.0,,4.0,,,,,,,,4.0,,,,,,,
Doubletree By Hilton West Palm Beach Airport,,,4.0,,,,,,,,,,,,,,,,,5.0,,,4.0,,,,,,,,,,,,,,,,4.0,,,3.0,,,,,,,
Drury Inn & Suites San Antonio Northwest Medical Center,,,,,,,,,,,,,,,,,,,,,,,,,,,,,,,,,,,,,,,,,,,,,,,,,
Drury Inn and Suites Columbus Convention Center,,5.0,,,,,,,,5.0,,,,,,4.0,4.0,,,,,,,,4.0,,,5.0,,,,,,,,,,,,,,2.0,,,,,,,
Durango Travelodge,,,,,,,,,,,2.0,,,,,,,,3.0,,,,,,,,,3.0,,,,,,,1.0,,,,,,,2.0,,,,5.0,4.0,4.0,5.0
Econo Lodge,,,,,,,,,,,,,,,,,,,,,,,,,,,,,,,,,,,,,,,,,,,,,,,,,
Econo Lodge Bellmawr,3.0,,,,,,,,,,,,,,,,,,,,,,,,,,,5.0,,,,,,,3.0,,,,,,,3.0,,,,,,4.0,
Econo Lodge Big Spring,,,,,,,,,,,,,,,,,,,,,,,,,,,,,,,,,,,,,,,,,,,,,,,,,
Econo Lodge Inn & Suites,,,,,,,,,,,,,,,,,,,,,,,,,,,,,,,,,,,,,,,,,,,,,,,,,
Econo Lodge Miles City,4.0,,,,,,,,,,,,,,5.0,,,,,,,,,,,,,,,,,,,4.0,,,,,,,,3.0,,,,,,,
Econo Lodge St Robert,,,,,,,,,,,,,,5.0,,4.0,,,,,,,,,,,,,,,,,,,,,,,,,,1.0,,,,,,,
Economy Inn,,,,,,,,,,,,,,,,,,,,,,,,,,1.0,1.0,,,,,,1.0,,,,,,,,,2.0,2.0,,,,,4.0,
Economy Motel,,,,,,,,,,,,,,,,,,,,,,,,,,,,,,,,,,,,,,,,,,,,,,,,,
Eden Park Guest House,,,,,,,,,,,,,,,,,,,,,,,,,,,,,,,,,,,,,,,,,,,,,,,,,
Edgewater Inn & Cottages,,,,,,,,,,,,,,,,,,,,,,,,,,,,,,,,,,,,,,,,,,,,,,,,,
El Dorado Seaside Suites By Karisma - All Inclusive,,,,,,,,,,,,,,,,5.0,,5.0,,,,,,,,,,,,,,,,,,5.0,,,,,,5.0,5.0,,,,,,
Elba Sara Beach & Golf Resort,,,,,,,,,,,,,,,,,,,,,,,,,,,,,,,,,,,,5.0,,,,,,3.0,,,,,,,
Excellence Riviera Cancun - Adults Only - All Inclusive,,,,,,,,5.0,5.0,,,,,,,4.0,,,4.0,,,,,,5.0,,,,,,,5.0,,,,5.0,,,,,,5.0,5.0,,5.0,,,,
Extended Stay America,,,,,,,,,,,,,,,,,,,,,,,,,,,,,,,,,,,,,,,,,,,,,,,,,
Extended Stay America - Bloomington - Normal,,,,,,,,,,,,,,,,,,,,,,,,,,,,,,,,,,,,,,,,,,,,,,,,,
Extended Stay America - Chicago - Westmont - Oak Brook,,,,,,,,,,,,,,,,1.0,,,5.0,,,,,,,,,,,,1.0,,,,,,,,4.0,,,4.0,,,,,,,
Extended Stay America - Columbia - Northwest Harbison,,,,,,,,,,,,,,,,,,,,,,,,,,,4.0,,,,4.0,,,,,,,,5.0,3.0,,5.0,,,,,,4.0,
Extended Stay America - Fort Lauderdale - Davie,,,,,,,,,,,,,,,,,,,3.0,,,,,3.0,,,4.0,,,,,,,2.0,,,,,1.0,,3.0,4.0,,,,,,1.0,
Extended Stay America - Los Angeles - Ontario Airport,,,,,,,,,,,,,,,,,,,,,,,,,,,,,,,,,,,,,,,,,,,,,,,,,
Extended Stay America - Orlando Theme Parks - Vineland Rd.,,,,,,,,,,,,,,,2.0,,,,,,,,,,,4.0,,,,,,,,,5.0,,,,,,4.0,3.0,,,2.0,,,,
Extended Stay America - Raleigh - Cary - Regency Parkway S,,,,,,,,,,,,,2.0,,,3.0,,,,,,,,,5.0,1.0,,,,4.0,,,,,,,3.0,,,,2.0,3.0,,,,,,2.0,3.0
Extended Stay America - Rockford - I-90,,5.0,,,,,,,,,,,,,,,,,,,,,4.0,,,,,,,,,,,5.0,,,,,,,,5.0,,,,2.0,,,5.0
Extended Stay America Grand Rapids - Kentwood,,,,,,,,,,,,,,,,,,,,,,,,,,,,,,,,,,,,,,,,,,,,,,,,,
Extended Stay America Philadelphia - Exton,,,,,,,,,,,,,,,,,,,,,,,,,,,,,,,,,,,,,,,,,,,,,,,,,
Extended Stay America San Diego - Carlsbad Village By The Sea,,,,,,,,,,,,,,,,,,,,,,,,,,,,,,,,,,,,,,,,,,,,,,,,,
Fairbridge Inn,,,,,,,,,,,,,5.0,,,,1.0,,,,,,,,,5.0,,,,,,2.0,,2.0,,2.0,,,4.0,,1.0,2.0,,,,,,,
Fairfield Inn & Suites Atlanta Perimeter Center,,,,,,,,,,,,,,5.0,,1.0,,,,,,,,,,,,,,,,,,,,,,,,,,5.0,2.0,,,2.0,,4.0,
Fairfield Inn & Suites Des Moines Airport,,,,,,,,,,,,,,,,,,,,,,,,,,,,,,,,,,,,,,,,,,,,,,,,,
Fairfield Inn By Marriott Binghamton,,,,,,,,,,,,,,,,,,,,,,,,,4.0,4.0,,,,,3.0,,,,,,,,5.0,,,4.0,,,,,,4.0,
Fairfield Inn Saginaw,,,,,,,,,,,5.0,,4.0,,,,,4.0,4.0,,,,3.0,5.0,5.0,5.0,,,,,,,,,,,,4.0,,,,5.0,,,,,,,
Fairfield Inn Suites Spearfish,,,,,,,,,,,,,,,,,,,,,,,,,,,,,,,,,,,,,,,,,,,,,,,,,
Fairfield Inn and Suites By Marriott Idaho Falls,,4.0,,,,,,,,,,,,,,,,,,,,,,,,,,4.0,4.0,,,,,,,,4.0,,,,5.0,5.0,,,,,,,
Fairfield Inn and Suites By Marriott Plainville,,,,,,,,,,,,,,,,3.0,,,,,,5.0,,,,,,4.0,,4.0,5.0,,,5.0,,,4.0,4.0,5.0,5.0,,4.0,,,,,,5.0,
Fh Hotel Villa Fiesole,,,,,,,,3.0,,,,,,,,,,,,,,,,,5.0,,,,,,,,,5.0,,,,,,,,4.0,,,,3.0,,5.0,
Fiesta Inn Centro Historico,,,,,,,,,,,,,,,,,,,,,,,,,,,,,,,,,,,,4.0,,,3.0,,,2.0,,,,,,,
Fiesta Inn and Suites,,,,,5.0,1.0,,1.0,,,,1.0,,,,,,,,,,2.0,,,1.0,,1.0,1.0,,,,,,,,,1.0,,1.0,,,2.0,1.0,,,,,,
Fireline Hotel,,,,,,,,,,,,,,,,,,,,,,,,,,,,,,,,,,,,,,,,,,,,,,,,,
Fireside Inn Santa Cruz,,,,,,,,,,,,,,,,1.0,,,5.0,,,,,,,,,,,,,,5.0,,,,,,,,,4.0,,,,,,4.0,
Fitzgerald's Restaurant,,,,,,,,,,,,,,,,,,,,,,,,,,,,,,,,,,,,,,,,,,,,,,,,,
Five Seasuns Bed & Breakfast Inn,,,,,,,,,,,,,,,,,,,,,,,,,,,,,,,,,,,,,,,,,,,,,,,,,
Forest Hill Inn,,,,,,,,,,,,,,,,,,,,,,,,,,,,,,,,,,,,,,,,,,,,,,,,,
Four Points-kansas,,,,,,,,,,,,,,,,,,,,,,,,,,,,,,,,,,,,,,,,,,,,,,,,,
Foxburg Inn,,,,,,,,,,,,,,,,,,,,,,,,,,,,,,,,,,,,,,,,,,,,,,,,,
Frontier Cabins Motel,,,,,,,,,,,,,,,,,,,,,,,,,,,,,,,,,,,,,,,,,,,,,,,,,
Garden of The Gods Club & Resort,4.0,,,,,,5.0,,,,,,,,,5.0,,,,,4.5,,,,5.0,5.0,5.0,,,,,5.0,,,,,5.0,,,,,5.0,,,5.0,,,,
Gardena Terrace Inn,,,,,,,2.0,,,,,,,,,,,,,,,,,,,,3.0,,,,,,,1.0,,,,,,,,1.0,,,,,,2.0,4.0
Gateway Studios,,,,,,,,,,,,,,,,,,,,,,,,,,,,,,,,,,,,,,,,,,,,,,,,,
Good Nite Inn Rohnert Park,,3.0,,,,,,,,,,,,,,,,,,,,,,,,,,4.0,4.0,,,,4.0,,,,,,,,,3.0,,,,,,,
Gran Melia Victoria,5.0,,,,,,,5.0,,,,,,,5.0,,,,,,,,5.0,,,,,,,,,,5.0,,,,,,5.0,,,5.0,,,5.0,,,,
Grand Hotel Cadenabbia,,,,,,,,3.0,,,,,,,1.0,,,4.0,,,,,,4.0,,3.0,,4.0,,,,,,,,,,,,,,5.0,,,,,,,
Greektown Casino,,,,,,,,,,,,,,,,,,,,,,,,,,,,,,,,,,,,,,,,,,,,,,,,,
Greenstay Hotel and Suites,,,5.0,,,4.0,5.0,4.0,,5.0,5.0,,,5.0,,5.0,,,,5.0,,,,,,,,3.0,,,,,,5.0,4.0,,,,,,,5.0,,,5.0,5.0,,,
Gresham Area Hotels,,,,,,,,,,,,,,,,,,,,,,,,,,,,,,,,,,,,,,,,,,,,,,,,,
Haltom Inn,,,,,,,,,,,,,,,,,,,,,,,,,,,,,,,,,,,,,,,,,,4.0,,,,,,,
Hampton Inn,,,,,,,,,,,,,,,,,,,,,,,,,,,,,,,,,,,,,,,,,,,,,,,,,
Hampton Inn & Suites Crescent City,,,,,,,,,,,,,,,,,,,,,,,,,,,,,,,,,,,,,,,,,,,,,,,,,
Hampton Inn & Suites Douglas,,,,,,,,,,,,,,,,,,,,,,,,,,,,,,,,,,,,,,,,,,,,,,,,,
Hampton Inn & Suites Syracuse/carrier Circle,,,,,,,,,,,,,,,,,,,,,,,,,,,,,,,,,,,,,,,,,,,,,,,,,
Hampton Inn & Suites-downtown-tutwiler,,,,,,,,,,,,,,,,5.0,,5.0,,,,,,,,,5.0,,,,4.0,,,,,,,,5.0,,3.0,5.0,5.0,4.0,,,,5.0,
Hampton Inn Abilene,,,,,,,5.0,,,4.0,,,,,,3.0,,,1.0,,,,,,5.0,,,,,,,,,,,,,,4.0,,,4.0,,,,,,,
Hampton Inn Bloomington West,,,,,,,4.0,,,,,,,,,5.0,,,5.0,,,,,,,,,5.0,,,,,,,,,,,,,,5.0,,,,,,,
Hampton Inn Dublin,4.0,4.0,,,,,4.0,,,,,,,,,4.0,5.0,,,4.0,,,,,,,,,5.0,,,,,5.0,,,5.0,,,,4.0,3.0,,,,,,,
Hampton Inn Fayetteville Fort Bragg,,,,,,,,,,,,,,,,,,,,,,5.0,,,,,5.0,4.0,4.0,,,,,,,,,,,4.0,,5.0,4.0,,,,,,
Hampton Inn Grand Junction Downtown/historic Main Street,4.0,,,,,,,,,,,,3.0,,,,,,3.0,,,4.0,,,,3.0,,,,,,,,4.0,,,,,4.0,2.0,,4.0,,,,,,5.0,
Hampton Inn Jackson Hole,,,,,,,,,,,,,,,,,,,,,,,,,,,,,,,,,,,,,,,,,,,,,,,,,
Hampton Inn New Orleans - Downtown,,,,,,,2.0,,,,,,,5.0,,,,,,,,5.0,5.0,,,,,,5.0,,,,,,,,,,,,,4.0,,,5.0,,,,
Hampton Inn Roanoke/salem,,,,,,,,,,,,,4.0,,,,,,,,,,,,,,,,,,,,,,,,,,,,,5.0,,,,,,,
Hampton Inn Sarasota - I-75 Bee Ridge,,,,,,,2.0,,,,,,,,,,4.0,,,,,,,,3.0,,,5.0,,,,,,,4.0,4.0,3.0,,3.0,,,4.0,,2.0,,,,,
Hampton Inn Tucson-airport,,,,,,,,,4.0,,,4.0,,,,5.0,,,,5.0,,,,5.0,,,,3.0,,,,,,,,,,,,,3.0,4.0,5.0,,,,,5.0,
Hampton Inn Virginia Beach Oceanfront North,,10.0,,,,5.0,5.0,,5.0,,,,7.1,10.0,,5.0,,,,2.0,6.7,,10.0,,9.6,5.0,,5.0,,,,9.2,7.1,,,,10.0,,9.2,,,5.0,,,,,,4.0,6.3
Hampton Inn Waco,,,,,,,,,,,,,,,,,,,,,,,,,,,,,,,,,,,,,,,,,,,,,,,,,
Hampton Inn and Suites Annapolis,,,,,,,5.0,,,,,,,4.0,5.0,,,,,,,5.0,,,1.0,,,,,,,,,,,,,,5.0,,,2.0,,,,,,,
Hamton Inn New Orleans Westbank,,,,,,,,,,,,,,,,,,,,,,,,,,,,,,,,,,,,,,,,,,,,,,,,,
Harrah's Laughlin Hotel and Casino,,,2.0,4.0,,,5.0,,,,,,5.0,5.0,,,,,,,,,,,3.0,,1.0,3.0,,2.0,,2.0,,,2.0,,,,3.0,,5.0,5.0,4.0,,4.0,,,2.0,
Hawthorn Suites By Wyndham Livermore Wine Country,,,,,,,,,,,,,,,,4.0,,,,,,,,,,,,5.0,,,3.0,,,,,,,,,,,4.0,,,,,,5.0,
Hawthorn Suites Dayton North,,,,,,,3.0,,,,,,,,,3.0,2.0,,,,,,1.0,,,,,3.0,,,,,,,,1.0,,,,,,1.0,,,,,,4.0,
Hi-way Inn of Kiowa,,,,,,,,,,,,,,,,,,,,,,,,,,,,,,,,,,,,,,,,,,,,,,,,,
High Desert Motel,,,,,,,,,,,,,,,,,,,,,,,,,,,,,,,,,,,,,,,,,,,,,,,,,
Hilton Garden Inn Austin Nw - Arboretum,,,,,,4.0,5.0,,,,,4.0,,,4.0,,,,,,,,,,,,,,,5.0,,,,4.0,,,,,,,,5.0,,,,,,,
Hilton Garden Inn Kauai Wailua Bay,,,,,,,,,,,,,,,,,,,,,,,5.0,,,,,,,,,,,,,,,,,,,5.0,,,,,,,
Hilton San Diego Airport/harbor Island,,,,,,,3.0,,,,,,,,,,,,,,,,3.0,,,,5.0,,,,,,,,,,,,5.0,,,3.0,,,,,,,5.0
Hilton Santo Domingo,,,,,,,,,,,,,,,,,,,,4.0,,,,,,,,,,,,,,,,,,,,4.0,,2.0,,3.0,,,,,
Hitching Horse Inn,,,,,,,,,,,,,,,,,,,,,,,,,,,,,,,,,,,,,,,,,,,,,,,,,
Holiday Inn,,,,,,,,,,,,,,,,,,,,,,,,,,,,,,,,,,,,,,,,,,,,,,,,,
Holiday Inn Canyon De Chelly,5.0,,,,,,,,,,,,,5.0,,4.0,,,,,,,,,,4.0,,,,,,,,,,,,,4.0,,,4.0,,,,,,5.0,
Holiday Inn Express,,,,,,,,,,,,,,,,,,,,,,,,,,,,,,,,,,,,,,,,,,,,,,,,,
Holiday Inn Express & Suites Bay City,,,,,,,,,,,,,,,,,,,,,,,,,,,,,,,,,,,,,,,,,,,,,,,,,
Holiday Inn Express & Suites Crossville,,,,,,,,,3.0,,,5.0,,4.0,,,,,,,,,,,,5.0,,,,,,,3.0,,,,,,5.0,5.0,,4.0,,,,,,5.0,4.0
Holiday Inn Express & Suites Phoenix Downtown - Ballpark,,,,,,,,,,,,,,,,5.0,,,,1.0,,,5.0,,,,,5.0,,,,,,5.0,5.0,,4.0,,,,4.0,3.0,,,,3.0,,,
Holiday Inn Express & Suites South Portland,,,,,,,,,,,,,,,,,,,,,,,,,,,,,,,,,,,,,,,,,,,,,,,,,
Holiday Inn Express & Suites Weslaco,,,,,,,,,,,,,,,,,,,,,,,,,,,,,,,,,,,,,,,,,,,,,,,,,
Holiday Inn Express & Suites West Monroe,,,1.0,,,,,,,,,,,,,4.0,,,,,,,,,,4.0,,5.0,,,,,4.0,,,,,,,,5.0,4.0,,,,,,,
Holiday Inn Express - Harrisburg East,,,,,,,5.0,,,,,,,,,,,,,,,,4.0,5.0,4.0,,,,,,,,,4.0,5.0,,,,,,,4.0,,,,,,3.0,
Holiday Inn Express - Hillsboro,,,,,,,,,5.0,,,,,,,5.0,,,,,,,,,,,5.0,,,,,,,,,,,,5.0,,4.0,5.0,,,,,,,4.0
Holiday Inn Express Atlanta Ne - I-85 Clairmont,,,,,,,,,,,,,,,,,,,,,,,,,,,,,,,,,,,,,,,,,,,,,,,,,
Holiday Inn Express Colton-riverside North,,,,,,,,,,,2.0,,,,,,,,,,,,,,,,,,,,,,,,,,,,,4.0,,3.0,,,,2.0,,3.0,
Holiday Inn Express Dahlonega,,,,,,,,,,,3.0,,3.0,,4.0,,,,,,,5.0,,,,,,5.0,,,,,,,,,,,,5.0,,5.0,,,,,,5.0,
Holiday Inn Express Gatesville,,,,,,,,,,,,,,,,,,,,,,,,,,,,,,,,,,,,,,,,,,,,,,,,,
Holiday Inn Express Grove City (outlet Center),,,,,,,,,,,,,,,,,,,,,,,,,,,,,,,,,,,,,,,,,,,,,,,,,
Holiday Inn Express Hotel & Suites Emporia,4.0,,,,,5.0,5.0,,,,,,,,,,,,,,,,,,,4.0,5.0,4.0,3.0,5.0,,,,,,,,,4.0,3.0,,5.0,,,,,,,
Holiday Inn Express Hotel and Stes Port Clinton-catawba Island,,4.0,,,,,,,4.0,,1.0,,3.0,,4.0,,,,,3.0,,4.0,,,,,3.0,5.0,,,,,5.0,5.0,,,,,,,,5.0,,,,,,,
Holiday Inn Express Hotel and Suites Cambridge,,,,,,,,,,,,5.0,,,5.0,4.0,,,4.0,,,,,,,,,5.0,,,,,5.0,,,,,,4.0,,5.0,4.0,,5.0,,,,,
Holiday Inn Express Hotel and Suites Hesperia,4.0,,,,,,,,,,,,,,,,,,,,,,4.0,,,5.0,,,4.0,,5.0,,,3.0,,,,,1.0,,4.0,1.0,,,,,,,
Holiday Inn Express Hotel and Suites Meadowlands Area,,,,,,,,,,,,5.0,,5.0,,5.0,,,,,,,,,,5.0,,,,,,,,,,,,3.0,,,,5.0,,,,,,5.0,
Holiday Inn Express Hotel and Suites Memphis Southwind,,,,,,,,,,,,4.0,,,,3.0,,,,,,,,5.0,,,,,,,,3.0,5.0,,,,,,,,,4.0,,,,,,,
Holiday Inn Express Hotel and Suites Raleigh-wakefield,,4.0,,,,,,5.0,,,,,,,,5.0,,,,,,,,,,,,,,5.0,5.0,,,5.0,,,,,,,,5.0,,,,,,,
Holiday Inn Express Hotel and Suites Va Beach Oceanfront,,,,,,,7.9,,,,,,7.5,4.0,9.6,,9.6,,,,5.4,,7.5,10.0,,,,,7.9,4.0,,,8.8,3.0,,,,,7.9,3.0,,5.0,,,,,,6.3,
Holiday Inn Express San Clemente,,,,,,4.0,,,,,3.0,,,,,4.0,,,3.0,,,,,,,,,5.0,,,,3.0,,,,,,5.0,,,5.0,5.0,,,,5.0,,,
Holiday Inn Express Suites Floresville,,,,,,,,,,,,,,,,,,,,,,,,,,,,,,,,,,,,,,,,,,,,,,,,,
Holiday Inn Express and Suites Canyonville,,,,,,,,,,,,,,,,,,,,,,,,,,,4.0,,,5.0,,4.0,5.0,5.0,5.0,4.0,,,,,5.0,4.0,,,3.0,,,,
Holiday Inn Express and Suites Gahanna/columbus Airport E,,,,,,,,,,5.0,,,,,,,,,,,,3.0,,,,4.0,,4.0,,,,,,,,,,,,,,5.0,,,,,,,
Holiday Inn Fond Du Lac,,,,,4.0,,,,,5.0,,4.0,,4.0,,4.0,3.0,,,,,,,,,,,4.0,5.0,,,,,,,,4.0,,,,,3.0,,,,,,,
Holiday Inn Rutland-killington Area,,,,,,,,,,,,,,,,,,,,,,,,,,,,,,,,,,,,,,,,,,,,,,,,,
Holiday Inn Victorville,,,,,,,,,,,,,5.0,4.0,4.0,,,,,,,,,,,,,,5.0,,,,,,,,,,5.0,,,4.0,,,,,,,
Homeplace Inn and Suites,,,,,,,,,,,,,,,,,,,,,,,,,,,,,,,,,,,,,,,,,,,,,,,,,
Homestead Studio Suites,,,,,,,,,,,,,,,,,,,,,,,,,,,,,,,,,,,,,,,,,,,,,,,,,
Homewood Suites,,,,,,,,,,,,,,,,,,,,,,,,,,,,,,,,,,,,,,,,,,,,,,,,,
Homewood Suites - Mall of America,,,4.0,,,,,,,,,,,,,,3.0,,,,,,,,,,,5.0,,,,,,,,,5.0,,,,,4.0,2.0,,,,,,
Hotel Adler Cavalieri,,,,,,,,,5.0,,,,5.0,,4.0,,5.0,,,5.0,,,,,,,,5.0,,,,,5.0,,,,,,,,,5.0,,,,5.0,,,
Hotel An Der Philharmonie,,,,,,,5.0,,,,,,,,,4.0,,,,4.0,,,,,,,,,,,,,,,,,4.0,,3.0,,,4.0,,,,,,,
Hotel Aura Sfo,,,,,,,2.0,,,,,,,,,,,3.0,,4.0,,,,,5.0,5.0,,,,,,,,,,,,,,,3.0,5.0,4.0,,3.0,,,,
Hotel Borgo Verde,,,,,,,,,4.0,,,,,,,,,,,,,,,,,,4.0,,,,,,,,,,,,,,,4.0,,,,,,,
Hotel Casena Dei Colli,,,,,,,,,,,,,,,,,,,,,,,,,,,4.0,,4.0,,,,,,,,,,,,,5.0,,4.0,,,,,
Hotel De La Ville,,,,,,,,,,,,,,5.0,,,,5.0,,,,,,2.0,,,,5.0,,,,,,,5.0,,5.0,,4.0,,,5.0,,5.0,,5.0,,,
Hotel Eug��ne En Ville,,,,,,,5.0,,,,,,,,,,,5.0,,,,,,,,,5.0,5.0,,,,,,,4.0,,,,,,,3.0,2.0,,,,,5.0,5.0
Hotel Garibaldi,,,,,,,,,,,,,,,,,,,,,,,,,,,,5.0,,,,,,4.0,,,3.0,,,,4.0,4.0,,,,3.0,,,
Hotel Lavonia,,,,,4.0,,,,,,,3.0,,,,,,,,,,,,,,,,,,,,,,,,,,,3.0,,,,,,,,,,
Hotel Metropole,,,,,,,5.0,5.0,,,,,,,,4.0,,,,,,,,,,,,,5.0,,,,,,,,,,,,,5.0,,,,5.0,,,
Hotel Millersburg,,,,,,,,,,,,,,,,,,,,,,,,,,,,,,,,,,,,,,,,,,,,,,,,,
Hotel Portaventura,,,,,,,,,,,,,,,,,,1.0,,,,,,,,,,,4.0,,,,,2.0,,5.0,,,,,,3.0,,,,,,,
Hotel Relais De Margaux Golf and Spa,,,,,,,,,,,,,,,,,,,,,,,,,,,,4.0,,,,,,,,,4.0,,,1.0,,4.0,,,,,,,
Hotel Roc Flamingo,,,,,,,,,,,,,,,,2.0,,,,,,,,,,,,,,,,,,,,,,,,4.0,,5.0,,,2.0,,,,
Hotel Roc Lago Rojo,,,,,,,,,,,,,,,,,,,,,,,,,,,,,,,,,,,,,,,,,,4.0,,,,,,2.0,
Hotel Russo Palace,,,,,,,,,,,,,,,,,,,,,,,,,5.0,,,,,,,,,,,,,,,,,5.0,,,,,,,
Hotel Silken Siete Coronas,4.0,,,,,4.0,,,,,,,,,4.0,,,,,,,,,,,,,,,,,,,5.0,5.0,,,,5.0,,,5.0,4.0,,,,,,
Hotel Valencia Santana Row,,3.0,,,,,5.0,,5.0,,,,,,,5.0,,,,,,,,,,,,,,,,,,,,,,,4.0,,,5.0,,,,,,,5.0
Hotel Vier Jahreszeiten KÜhlungsborn,,,,,,,,,,,,,,,,,,,,,,,,,,,,,,,,,,,,,,,,,,4.0,,,,,,,
Hotel Vorbach,,,,,,,,,,,,,,,,,,,,,,,,,,,,,,,4.0,,,,,,,,,,,3.0,,,,,,4.0,
Howard Johnson,,,,,,,,,,,4.0,,,,,,,,,,,,,,,,,,,,,,,,,,,,,,,,,,,,,,
Howard Johnson Gallup,,,,,,,,,,,,,,,,,,,,,,,,,,,,,,,,,,,,,,,,,,,,,,,,,
Howard Johnson Inn - Newburgh,,,,,2.0,3.0,,,,,,3.0,1.0,,,3.0,2.0,,,,,,5.0,1.0,,2.0,1.0,2.0,,,,,,4.0,3.0,,,,3.0,,3.0,3.0,,,3.0,,,1.0,
Howard Johnson Inn Columbia,,,,,,,3.0,,,,,,,2.0,,,,,,,,,,2.0,,3.0,,4.0,,,,3.0,,4.0,4.0,,4.0,,,5.0,4.0,1.0,,4.0,,,,,
Hudson Hotel - Book Direct,,,,,,,,,,,,,,,,,,,,,,,,,,,,,,,,,,,,,,,,,,,,,,,,,
Hunting Lodge,,,,,,,,,,,,,,,,,,,,,,,,,,,,,,,,,,,,,,,,,,,,,,,,,
Hyatt Centric Arlington,,,,,5.0,,,,,,,,,,,,,,,,,,,,,,,,,,,,,,,,,,,,,,,,,,,,
Hyatt Dulles,,,,,,,,,,,,,5.0,,,,,,,,,,,,,,,,,,,,,,,,,,,,,,,,,,,,
Hyatt House Colorado Springs,,,,,,,,4.0,,,,,,,,,,,,,,,,,,4.0,,,2.0,,,,,,,,,,,,3.0,5.0,1.0,,,,,,
Hyatt Place Atlanta/alpharetta/north Point Mall,,,,,,,,4.0,,,,5.0,,5.0,,,,,,,,,,,,,,3.0,4.0,,,,,,,,5.0,,,,5.0,4.0,5.0,,5.0,,,5.0,
Hyatt Place Pittsburgh Cranberry,,,5.0,,,,,,,,,,,,,4.0,,,,4.0,,4.0,5.0,,5.0,,,4.0,,5.0,5.0,,,,,,5.0,,,,,4.0,,,,,,,5.0
Hyatt Place San Antonio Airport - Quarry Market,,,,,,5.0,,,,,,,,,3.0,,,,1.0,,,,,,5.0,4.0,,,,,,,,,,,,5.0,,,,4.0,,,,,,,
Hyatt Place Utica,5.0,,,,,,2.0,,,3.0,,5.0,,,,,,,4.0,,,,,,,,,,,4.0,5.0,,,,,4.0,,4.0,,,,5.0,,,,,,4.0,
Hyatt Regency Kathmandu,,,,,,7.9,,,,,,,,,,,,,,,10.0,,,,,7.9,,9.2,,,9.2,,,,,,,,,,,,,,,,,9.2,
Hyatt Regency Reston,,,,,,,,,,,,,,,,,,,,,,,,,,,,,,,,,,,,,,,,,,,,,,,,,
H��tel Les Bruy��res,,,,,,,,,,,,,,,,,,,,,,,,,,,,,,,,,,,,,,,5.0,,,4.0,,,,,,,
H��tel Marinca and Spa,,,,,,,,,,,,,,,,,,,,,,,,,,,,,,,,,,,,,,,,,,3.0,,,,,,,
H��tel Sezz Paris,,,,,,,,,5.0,,,,,,,,,,,,,,,,5.0,,,,,,,,,,,4.0,,,,,5.0,5.0,,,,,,,
Ibis Wuerzburg City,,,,,,,,,,3.0,,,,,,,,,,,,,,,4.0,,,,,,,,,,,,,,,,,4.0,,,,,,,
Ihg,,,,,,,,,,,,,,,,,,,,,,,,,,,,,,,,,,,,,,,,,,,,,,,,,
Inn & Suites,,,,,,,,,,,,,,,,,,,,,,,,,,,,,,,,,,,,,,,,,,,,,,,,,
Inn At Mendenhall,4.0,4.0,,,,,,,,5.0,,5.0,5.0,,5.0,5.0,4.0,,,,,,,,5.0,5.0,,,,,,,,,,,5.0,,5.0,,5.0,5.0,,,,,,,5.0
Inn At Queen Anne,,,,,,,3.0,,,,,,,,,4.0,,,,,,,,,,,,3.0,,,3.0,,1.0,3.4,,3.0,1.0,,,,,4.0,,,,,,,
Inn At The River,,,,,,,,,,,,,,,,,,,,,,,,,,,,,,,,,,,,,,,,,,,,,,,,,
Innisbrook,,,,,,,,,5.0,,,,4.0,,,4.0,,,,,,4.0,,,,,,,,,,,,,4.0,,,,5.0,5.0,5.0,3.0,,,,,,4.0,1.0
Inter-hotel Orl��ans Nord,,,,,,,,,,,,,,,,,,,,,,,,,4.0,,4.0,,4.0,,,,,,,,,,,,,3.7,,,,,,,
Intercontinental Hotels Resorts,,,,,,,,,,,,,,,,,,,,,,,,,,,,,,,,,,,,,,,,,,,,,,,,,
Intermezzo,,,,,,,,,,,,,,,,,,,,,,,,,,,,,,,,,,,,,,,,,,,,,,,,,
Inturotel Esmeralda Park,,,,,,,,,,,,,,,,,,,,,,,5.0,,4.0,,,,,,,,,,,,,,5.0,,,4.0,,,,,,,
Ip Casino Resort Spa,5.0,4.0,2.0,,,4.0,,,,5.0,,3.0,,,,5.0,,,,4.0,,,5.0,,4.0,4.0,,4.0,,,,,,,,,,,5.0,4.0,4.0,3.0,,,3.0,,,2.0,3.0
Irish House Hotel,,,,,,,,,,,,,,,,,,,,,,,,,,,,,,,,,,,,,,,,,,,,,,,,,
Jacksonville Plaza Hotel and Suites,,3.0,,,,,2.0,,,,,,,,,3.0,,,,,,,4.0,,,5.0,3.0,,5.0,,,,,,,,,5.0,,,3.0,4.0,,,,,,3.0,
Jellico Days Inn North Tennessee,,,,,,,,,,,,,,,,,,,,,,,,,,,,,,,,,,,,,,,,,,,,,,,,,
Juniper Lane Guest House,,,,,,,,,,,,,,,,,,,,,,,,,,,,,,,,,,,,,,,,,,,,,,,,,
Jvd Hotels,,,,,,,,,,,4.0,,,,1.0,,,,1.0,,,,,,1.0,,,,,,,,,,,,,,,,,1.0,,,,,,,
Kaier Mansion,,,,,,,,,,,,,,,,,,,,,,,,,,,,,,,,,,,,,,,,,,,,,,,,,
Keyser Inn Inc,,,,,,,,,,,,,,,,,,,,,,,,,,,,,,,,,,,,,,,,,,,,,,,,,
Kit Carson Lodge Restaurant,,,,,,,,,,,,,,,,,,,,,,,,,,,,,,,,,,,,,,,,,,,,,,,,,
Knights Inn,,,,,,,,,,,,,,,,,,,,,,,,,,,,,,,,,,,,,,,,,,,,,,,,,
Knights Inn Aiken,,,,,,,,,,,1.0,,,,,,,,,1.0,,,,,,,,,,,,,,,,,1.0,,,,,4.0,,,,,,,
Knights Inn Amarillo Airport,,,,,,,,,,,,,,,,,,,,,,,1.0,,,,,,,,,,,,,,,,,,,2.0,,,,,,,
Knights Inn Carmel Hill,,,,,,,,,5.0,,,,,,,,,5.0,,4.0,,,,3.0,1.0,3.0,,,3.0,,,,,,,,5.0,5.0,3.0,,,4.0,,,5.0,,,,
Knights Inn Durango Co,,,,,,,,,,,,,,,,,,,,,,,,,,,,,,,,,,,,,,,,,,,,,,,,,
Knights Inn Eau Claire,,,,,,,,,,,3.0,,4.0,,,2.0,,,,,,,,,,,,,,,,,,,,,,,,,,3.0,,,,,,,
Koehne Dexter Terrie,,,,,,,,,,,,,,,,,,,,,,,,,,,,,,,,,,,,,,,,,,,,,,,,,
La Playa,,,,,,,,,,,,,,,,,,,,,,,,,,,,,,,,,,,,,,,,,,,,,,,,,
"La Posada Lodge & Casitas, An Ascend Hotel Collection Member",,,,,,,,,,,,,,,,,,,,,,,,,,,,,,,,,,,,,,,,,,,,,,,,,
La Quinta,,,,,,,,,,,,,,,,,,,,,,,,,,,,,,,,,,,,,,,,,,,,,,,,,
La Quinta Inn,,,,,,,,,,,,,,,,,,,,,,,,,,,,,,,,,,,,,,,,,,,,,,,,,
La Quinta Inn & Suites Chicago Tinley Park,,,,,,,,,,,,,,,,,,,,,,,,,,,,,,,,,,,,,,,,,,,,,,,,,
La Quinta Inn & Suites Dublin,,,,,,,,,,,5.0,,,,,,,,,,,,,,,,,,,,,,,,,,,,,,,,,,,,,,
La Quinta Inn Auburn Worcester,,,,,,,,,,3.0,,,,3.0,,4.0,3.0,,,,,,4.0,,,,,,,,3.0,,,,,4.0,,,2.0,,,4.0,,,,,,,
La Quinta Inn and Suites Hopkinsville,,,4.0,,,,4.0,,,,5.0,,,,,4.0,5.0,,5.0,,,,5.0,,4.0,5.0,,,,,,,,,,,,,,,,5.0,,,,,,,
La Quinta Inn and Suites Meridian,,,,,,,4.0,,,,,3.0,,,4.0,,,,,3.0,,,,5.0,,3.0,,,4.0,,,,,,,,,,5.0,,2.0,3.0,,,,,,4.0,
La Quinta Inn and Suites Miami Cutler Bay,,,,,,,3.0,,,,,2.0,,,,,,,,,,3.0,,,,2.0,,,,,,,,,4.0,,,,,,,4.0,4.0,,,,,,
La Quinta Inn and Suites Nashville Franklin,5.0,,,,,,2.0,,,3.0,,,,,,,,,,,,,,,1.0,,,4.0,,,,3.0,,,,,,,,,,4.0,4.0,,4.0,,,,
La Quinta Inn and Suites Sunrise,,,,,,,,,,,,,,3.0,,,,,,5.0,,,3.0,4.0,,,,,,,,,5.0,5.0,,,4.0,,,,,5.0,,,1.0,,,,
La Quinta Inn and Suites Tucson - Reid Park,,,4.0,,,,,,,4.0,,,,,,,,,,,,,,,,5.0,,,,,,,,,,,,,,,,4.0,5.0,,,5.0,,4.0,5.0
Lake Hill Cabins,,,,,,,,,,,,,,,,,,,,,,,,,,,,,,,,,,,,,,,,,,,,,,,,,
Lake Motel,,,,,,,,,,,,,,,,,,,,,,,,,,,,,,,,,,,,,,,,,,,,,,,,,
Lakeway Resort & Spa,,,5.0,,,,5.0,,,,,,,,,,5.0,3.0,,,5.0,5.0,,,,5.0,,,5.0,,,,,,4.0,,,,,,5.0,5.0,3.0,,,,,,
Lamothe House,,,,,,,,,,,,,,,,,,,,4.0,,,,,,4.0,,5.0,,,5.0,5.0,,,,,,,,,,4.0,5.0,,4.0,,,5.0,
Landmark Inn Lakes-mountain Region,,,,,,,,,,,,,,,,,,,,,,,,,,,,,,,,,,,,,,,,,,,,,,,,,
Laurel Manor Motel,,,,,,,,,,,,,,,,,,,,,,,,,,,,,,,,,,,,,,,,,,,,,,,,,
Lazy T Motel,,,,,,,,,,,,,,,,,,,,,,,,,,,,,,,,,,,,,,,,,,,,,,,,,
Leakey Springs Cabins,,,,,,,,,,,,,,,,,,,,,,,,,,,,,,,,,,,,,,,,,,,,,,,,,
Lexington Inn,,,,,,,,,,,,,,,,,,,,,,,,,,,,,,,,,,,,,,,,,,,,,,,,,
Liberty Lodge,,,,,,,,,,,,,,,,,,,,,,,,,,,,,,,,,,,,,,,,,,,,,,,,,
Lindy Motel,,,,,,,,,,,,,,,,,,,,,,,,,,,,,,,,,,,,,,,,,,,,,,,,,
Little Belt Inn Neihart,,,,,,,,,,,,,,,,,,,,,,,,,,,,,,,,,,,,,,,,,,,,,,,,,
Little Paradise Hotel,,,,,,,,,,,,,,,,,,,,,,,,,,,,,,,,,,,,,,,,,,,,,,,,,
Magton Inc,,,,,,,,,,,,,,,,,,,,,,,,,,,,,,,,,,,,,,,,,,,,,,,,,
Mandarin Oriental Jakarta,,,,,5.0,,,,4.0,,,,,,,,,,,,,5.0,,,,,,,,,,,,,,,,,,,,5.0,,,,,,,
Manor Vail Lodge,,,,,,,,,,,,,,,,,,,,,,,,,,,,,,,,,,,,,,,,,,,,,,,,,
Mansfield Plantation Inc,,,,,,,,,,,,,,,,,,,,,,,,,,,,,,,,,,,,,,,,,,,,,,,,,
Marquesa Hotel & Cafe Marquesa,,,,,,,,,,,,,,,,,,,,,,,,,,,,,,,,,,,,,,,,,,,,,,,,,
Marriott Springhill Marina,,,,,,,,,,,,,,,,,,,,,,,,,,,,,,,,,,,,,,,,,,,,,,,,,
Marriott's Mountainside At Park City,,,,,,,,,,,,,,,,5.0,,,,,,,,,,,,,,,,,,,,,,,,,,5.0,,,,,,,
Martin Mason Hotel,,,,,,,,,,,,,,,,,,,,,,,,,,,,,,,,,,,,,,,,,,,,,,,,,
Marylander Hotel Condo,,,,,,,,,,,,,,,,,,,,,,,,,,,,,,,,,,,,,,,,,,,,,,,,,
Mccamly Plaza Hotel,,3.0,,,,5.0,,3.0,,,,,3.0,,,,1.0,,,,,,,,,,,,,,,,,,,,2.0,,,,,5.0,,,3.0,,,5.0,
Melia Paris Champs-elys��es,,,,,,,,,,,,,,,,,,,,,,,,,,,,,,,,,,,,,,,,,,5.0,,,,,,,
Melody Lodge Cabins,,,,,,,,,,,,,,,,,,,,,,,,,,,,,,,,,,,,,,,,,,,,,,,,,
Mercure Curitiba Golden Hotel,,,,,,,,,,,,,,,,,,,,,,,,,,,,,,,,,,,,,,,,,,5.0,,,,,,,
Mericana Motel,,,,,,,,,,,,,,,,,,,,,,,,,,,,,,,,,,,,,,,,,,,,,,,,,
Merritt House Inn,,,,,,3.0,,,,,,,,,,,,,,,,,,,,,,,,,,,,,,,,,,,,4.0,,,,,,5.0,
Microtel Inn,,,,,,,,,,,,,,,,,,,,,,,,,,,,,,,,,,,,,,,,,,,,,,,,,
Microtel Inn By Wyndham Knoxville,1.0,,,,,,2.0,,,,,,,,,,,,,2.0,,,,,,,,,,3.0,,,,,,,,,2.0,,,3.0,2.0,,,,,,
Microtel Inn and Suites By Wyndham Burlington,,,,,,,,,,,5.0,1.0,2.0,,3.0,2.0,,,,,,,,,5.0,,,5.0,,,,,,,,,,,,,4.0,5.0,,,,,,4.0,
Microtel of Ste Genevieve,,,,,,,,,,,,,,,,,,,,,,,,,,,,,,,,,,,,,,,,,,,,,,,,,
Midvalley Motel,,,,,,,,,,,,,,,,,,,,,,,,,,,,,,,,,,,,,,,,,,,,,,,,,
Milliken Creek Inn,,,,,,,,,,,,,,,,,,,,,,,,,,,,,,,,,,,,,,,,,,,,,,,,,
Miramar Boutique Hotel,,,,,,,,,,,,,,,,,,,,,,,,,,,,,2.0,,,,,,,,,,,,,5.0,,,,,,,
Miss Kitty's Boarding House,,,,,,,,,,,,,,,,,,,,,,,,,,,,,,,,,,,,,,,,,,,,,,,,,
Monarch Inn,,1.0,,,,,,,,1.0,,,,,,,,,,,,3.0,,,,,4.0,2.0,,,,,,3.0,,3.0,,,,2.0,,2.0,,,,,,,
Monterey Beach Dunes Inn,,,,,,,,,,,,,,,,1.0,,,5.0,,,,,,,2.0,,,,,,,,,,,,,1.0,,,1.0,,,4.0,,,3.0,
Motel 6,,,,,,,,,,,,,,,,,,,,,,,,,,,,,,,,,,,,,,,,,,,,,,,,,
Mountain Lodge At Telluride - A Noble House Resort,,,,,,,,,,,,,,,,5.0,,,,,,,,,,,,,5.0,,,,,4.0,,,,,5.0,,,3.0,,,,,,,
Mountaintop Lodge Bed Breakfast,,,,,,,,,,,,,,,,,,,,,,,,,,,,,,,,,,,,,,,,,,,,,,,,,
Mt Gardner Inn,,,,,,,,,,,,,,,,,,,,,,,,,,,,,,,,,,,,,,,,,,,,,,,,,
Mt. Washington Bed and Breakfast,,,,,,,,,,,,,,,,,,,,,,,,,,,,,,,,,,,,,,,,,,,,,,,,,
Nantahala Cabins Inc,,,,,,,,,,,,,,,,,,,,,,,,,,,,,,,,,,,,,,,,,,,,,,,,,
Nesco Manor Hotel,,,,,,,,,,,,,,,,,,,,,,,,,,,,,,,,,,,,,,,,,,,,,,,,,
New York Marriott Marquis,,,,,,,,,,,,,,,,,,,,,,,,,,,,,,,,,,,,,,,,,,,,,,,,,
Newark Budget Inn,,,,,,,,,,,,,,,,,,,,,,,,,,,,,,,,,,,,,,,,,,,,,,,,,
"Nippersink Country Club, Inc.",,,,,,,,,,,,,,,,,,,,,,,5.0,,,,,,,,,,,,,,,,,,,,,,,,,,
North Country Inn B & B,,,,,,,,,,,,,,,,,,,,,,,,,,,,,,,,,,,,,,,,,,,,,,,,,
Norwood Inn and Suites,,,1.0,,,,,,1.0,,,,,,,,,,,,,,,,,1.0,,2.0,,,,,,,,,,,2.0,1.0,,1.0,1.0,,,,,1.0,
Noyo Harbor Inn,,,,,,,,,,,,,,,,,,,,,,,,,,,,,,,,,,,,,,,,,,,,,,,,,
Old Saco Inn Bed & Breakfast,,,,,,,,,,,,,,,,,,,,,,,,,,,,,,,,,,,,,,,,,,,,,,,,,
Olde Bridge Inn,,,,,,,,,,,,,,,,,,,,,,,,,,,,,,,,,,,,,,,,,,,,,,,,,
P K Motel,,,,,,,,,,,,,,,,,,,,,,,,,,,,,,,,,,,,,,,,,,,,,,,,,
Palm Suites,,3.0,,,,,,,,,,2.0,,,3.0,,,,,,,,,3.0,,3.0,,3.0,,,,,,,4.0,,,,,4.0,,5.0,,,5.0,,,,
Parkside Inn At Incline,,,,,,,,,,,,,4.0,4.0,,3.0,,,,,,,3.0,,,,,4.0,,,4.0,,5.0,,,,,,,,,1.0,,,3.0,,,,
Pavilion Lodge,,,,,,,,,,,,,,,,,,,,,,,,,,,,,,,,,,,,,,,,,,,,,,,,,
Pelican Shores Inn,10.0,,10.0,,,,,,,,,,,,10.0,9.2,,,9.6,9.6,9.6,,,10.0,10.0,,10.0,,,,10.0,,,10.0,9.2,,,,7.9,,9.6,,,,,8.8,,9.6,
Pheasant Manor,,,,,,,,,,,,,,,,,,,,,,,,,,,,,,,,,,,,,,,,,,,,,,,,,
Pillar Hotels Resorts,,,,,,,,,,,,,,,,,,,,,,,,,,,,,,,,,,,,,,,,,,,,,,,,,
Pine Needles Golf Course,,,,,,,,,,,,,,,,,,,,,,,,,,,,,,,,,,,,,,,,,,,,,,,,,
Pine Shadows Motel,,,,,,,,,,,,,,,,,,,,,,,,,,,,,,,,,,,,,,,,,,,,,,,,,
Pizza Hut,,,,,,,,,,,3.0,,,,,,,,,,,,,,,,,,,,,,,,,,,,,,,,,,,,,,
Plaza Hotel and Casino - Las Vegas,,5.0,,,,,,,,,,,,,,,,,,5.0,,,1.0,,4.0,,,3.0,,,,,,3.0,,,4.0,4.0,3.0,,,4.0,,,,2.0,,3.0,
Port-o-call Motel,,,,,,,,,,,,,,,,,,,,,,,,,,,,,,,,,,,,,,,,,,,,,,,,,
Progress Management Co,,,,,,,,,,,,,,,,,,,,,,,,,,,,,,,,,,,,,,,,,,,,,,,,,
Protection Motel,,,,,,,,,,,,,,,,,,,,,,,,,,,,,,,,,,,,,,,,,,,,,,,,,
Pueblo Bonito Sunset Beach Resort & Spa - All Inclusive,,,,,,,,5.0,2.0,,,,,,,,,4.0,,,,,,,,,,,,,,2.0,,,,,,,,,,5.0,4.0,,5.0,,,,
Quality Inn,,,,,,,,,,,2.0,4.0,,,,,2.0,,,,,,,,1.0,,,3.0,,,,,,1.0,,,,,,4.0,,3.0,,,,,,3.0,
Quality Inn & Suites,,,,,,,,,,,,,,,,5.0,,,,,,,,,,5.0,4.0,,,,,,,,,,,,,,,1.0,,,,,,4.0,
Quality Inn & Suites - Riverfront,,,,,,,,,,,,,,,,,,,,,,,,,,,,,,,,,,,,,,,,,,,,,,,,,
Quality Inn & Suites Hanes Mall,,,,,,,,,,,,,,,,,,,,,,,,,,,,,,,,,,,,,,,,,,,,,,,,,
Quality Inn & Suites Historic St. Charles,,,,,,,,,,,,,,,,,,,,,,,,,,,,,,,,,,,,,,,,,,,,,,,,,
Quality Inn Gulfport,,,1.0,,,3.0,,,3.0,,,,,,,,,,,,1.0,4.0,,,5.0,3.0,,,,,,,,,,,3.0,,,,,1.0,,,,,,,
Quality Inn Johnson City,,,,,,,,,4.0,3.0,,,,,,,,4.0,,,,,,4.0,,4.0,,3.0,,,,,5.0,,3.0,,,,,,,3.0,,,,,,,
Quality Inn Long Beach Airport,,,,,,,1.0,,1.0,3.0,,,,,,,,,,,,2.0,,,,,3.0,,1.0,,,,,,,,,,2.0,,,2.0,2.0,,,,,2.0,
Quality Inn Near Six Flags,,2.0,3.0,,,,4.0,,,,,,,,,4.0,,,,,,,,,,,,,,,,2.0,,,,,,,,,,3.0,,,,,,5.0,
Quality Inn Spearfish,4.0,,,,,,,,,,,,,,,2.0,,,,,,,4.0,5.0,,,,,,,,,,,,,,,,,,2.0,,,,,,,
Quality Inn and Suites,,1.0,,,,,4.0,1.0,2.0,,,,4.0,,4.0,4.0,,3.0,2.0,3.0,,,1.0,5.0,1.0,,,,3.0,,,4.0,4.0,4.0,,,,,,,,4.0,,,,4.0,,4.0,
Quality Inn and Suites Big Rapids,,,,,,2.0,,4.0,,,,,,,,4.0,,,,,,,5.0,,,4.0,,,3.0,,,,,,1.0,,3.0,,4.0,,,5.0,,,,,,,
Quality Inn and Suites Eugene-springfield,,2.0,5.0,,,,,,,,,1.0,,,,5.0,,,,,,,,4.0,,,5.0,5.0,,,,,,3.0,,,,,,,,4.0,3.0,,,,,,
Quality Inn and Suites Irvine Spectrum,3.0,,,,,3.0,,,4.0,,,,,,,,5.0,,,,,,,,1.0,,5.0,4.0,,,3.0,1.0,,5.0,,,2.0,,,,4.0,4.0,,,,,,4.0,
Quality Suites Intercontinental Airport West,1.0,,,,,,,,,,,,,,,,4.0,,,,,,,,,4.0,5.0,5.0,,,,,,,,5.0,,3.0,2.0,4.0,,3.0,,,,4.0,,5.0,
Quinta Real Acapulco,,,,,,,,,,,,,,,,,,,,,,,,,5.0,,,,4.0,,,,,,,,,,,,,5.0,,,,,,,
Radisson Blu Conference and Airport Hotel,,2.0,,,,,4.0,,,,,5.0,,,,3.0,,,,,,,,,,5.0,,,4.0,,,,,,,,,,4.0,,,1.0,,,,,,,
Radisson Hotel Hauppauge-long Island,,,,,3.0,,,,,,,,,,,,,,,,,,,,,,,,,,,,,,,,,,,,,,,,,,,,
Rainbow Motel,,,,,,,,,,,,,,,,,,,,,,,,,,,,,,,,,,,,,,,,,,,,,,,,,
Raintree Inn,,,,,,,,,,,3.0,,,,,,,,,,,,,,,,,,,,,,,,,,,,,,,,,,,,,,
Ramada,,,,4.0,,,5.0,,5.0,,,,,,,,,,,2.0,,,,5.0,,,,,,,,,,,,,,,,,,4.0,,4.0,,,,,
Ramada Inn,,,,,,,,,,,,,,,,,,,,,,,,,,,,,,,,,,,,,,,,,,,,,,,,,
Ramada Vandalia,,5.0,,,,,,,,,,3.0,,,,,,,,4.0,,,,,,2.0,,,2.0,,,,,4.0,,,,,,,,2.0,,,,,,,
Red Carpet Inn,,,,,,,,,,,,3.0,1.0,,,,,,,,,,,,,,4.0,2.0,,,,,,,,,,,,,,3.0,,,,,,,
Red Fox Motel,,,,,,,,,,,,,,,,,,,,,,,,,,,,,,,,,,,,,,,,,,,,,,,,,
Red Rest Inn,,,,,,,2.0,,,,,,,,,,1.0,2.0,,,,,,,,,,,,,,,,2.0,,,,3.0,4.0,,,4.0,,,,,,,
Red Roof Inn Cedar Rapids,,,,,,,,,,,,,,,,,,,,,,,5.0,,4.0,4.0,,4.0,,,,3.0,,,2.0,,,,,1.0,,1.0,,,,1.0,,2.0,
Red Roof Inn Erie,,,4.0,,,,5.0,,,2.0,5.0,,,,,,,,,,,4.0,,,,4.0,,,3.0,,,5.0,1.0,,,,5.0,,,,,5.0,4.0,4.0,,5.0,,,
Red Roof Inn St Louis - Troy,,,,,,,4.0,,,,,,,,5.0,,,,,,,,4.0,,,5.0,,4.0,,,,,,,,,,,,,,4.0,,4.0,,,,4.0,
Regency Inn Motel,,,,,,,,,,,,,,,,,,,,,,,,,,,,,,,,,,,,,,,,,,,,,,,,,
Relax Inn,,,,,,,,,,,,,,,,,,,,,,,,,,,,,,,,,,,,,,,,,,,,,,,,,
Residence Inn By Marriott Deptford,,,,,,,,,,,,4.0,,,,,,,,,,,5.0,,4.0,,,4.0,,,,,,,5.0,,5.0,4.0,,,,4.0,,,,,,,
Residence Inn By Marriott Fort Lauderdale Weston,,,,,,,,,,,,5.0,,,,,,,,,,,,,,5.0,5.0,,,,,4.0,,,5.0,,,,5.0,,5.0,5.0,,,,,,,
Residence Inn By Marriott Hartford Downtown,,,,,,5.0,,,,,,5.0,,,,,,,4.0,,,,,5.0,,4.0,,,5.0,,,4.0,,,,,,,,,,5.0,,,,4.0,,,
Residence Inn By Marriott Irvine John Wayne Airport,,,,,,,,,,,,,,,3.0,,,,,,,,,,,,,5.0,,,,,,,,,,,,,,5.0,,5.0,,,,5.0,5.0
Residence Inn By Marriott Springdale,,,,,,4.0,,5.0,,,,,,,,,,,,,,,,,,,,,,,,,,,,,,,,,,4.0,,5.0,,,,5.0,
Residence Inn By Marriott Tucson Williams Centre,,,,,,,,,,,,,,,,,,,,,,,,,,,,,,,,,,5.0,,,,,4.0,,,5.0,,,,,,,
Rideout's Lakeside Lodge Cottages,,,,,,,,,,,,,,,,,,,,,,,,,,,,,,,,,,,,,,,,,,,,,,,,,
Ritz Hotel,,,,,,,,,,,,,,,,,,,,,,,,,,,,,,,,,,,,,,,,,,,,,,,,,
River Oaks Golf Villas,,,,,,,,,,,,,,,,,,,,,,,,,,,,,,,,,,,,,,,,,,,,,,,,,
Riverside Lodge,,,,,,,,,,,,,,,,,,,,,,,,,,,,,,,,,,,,,,,,,,,,,,,,,
Riverside Motel and Cabins,,,,,,,,,,,,,,,,,,,,,,,,,,,,,,,,,,,,,,,,,,,,,,,,,
Robins Roost Cabins,,,,,,,,,,,,,,,,,,,,,,,,,,,,,,,,,,,,,,,,,,,,,,,,,
Rock A Bye Inn,,,,,,,,,,,,,,,,,,,,,,,,,,,,,,,,,,,,,,,,,,,,,,,,,
Rodeway Inn,,,,,,,,,,,1.0,,,,,,,,,,,,,,,,,,,,,,,,,,,,,,,,,,,,,,
Rodeway Inn Airport,,,,,,,,,,,,,,,,,,,,,,,,,,,,,,,,,,,,,,,,,,,,,,,,,
Rodeway Inn Bushnell,,,,,,,,,,,,,,,,,,,,,,,,,,,,,,,,,,,,,,,,,,,,,,,,,
Rodeway Inn Near Venice Beach,,,,,,,,,,,,,,,,,,,,,,,,,,,,,,,,,,,,,,,,,,,,,,,,,
Rodeway Inn-tacoma,,,,,,,,,,,,,,,,,,,,,,,,,,,,,,,,,,,,,,,,,,,,,,,,,
Roy-el Motel,,,,,,,,,,,,,,,,,,,,,,,,,,,,,,,,,,,,,,,,,,,,,,,,,
Saco River Recreational Council,,,,,,,,,,,,,,,,,,,,,,,,,,,,,,,,,,,,,,,,,,,,,,,,,
Saddleback Motor Inn,,,,,,,,,,,,,,,,,,,,,,,,,,,,,,,,,,,,,,,,,,,,,,,,,
Sam's Town Hotel & Gmblng Hall,,,,,,,,,,,,,,,,,,,,,,,,,,,,,,,,,,,,,,,,,,,,,,,,,
Samui Cliff View Resort & Spa,,,,,,,,,,,,,,,,,,,3.0,,,,,,,,,,,,,,,,,,,,,,,3.0,,,,,,,
Savaii Roberts Motels,,,,,,,,,,,,,,,,,,,,,,,,,,,,,,,,,,,,,,,,,,,,,,,,,
School House Motel,,,,,,,,,,,,,,,,,,,,,,,,,,,,,,,,,,,,,,,,,,,,,,,,,
Sci�� On Martin,,,,,,,,,,,,,,,,,,,,,,,,,,,,,,,,,,,,,,,,,,3.0,,4.0,,,,,
Sea View Motel,,,,,,,,,,,,,,,,,,,,,,,,,,,,,,,,,,,,,,,,,,,,,,,,,
Shamrock Hill Inn,,,,,,,,,,,,,,,,,,,,,,,,,,,,,,,,,,,,,,,,,,,,,,,,,
Sheraton Baltimore North Hotels,,,,,,,,,,,,,,,,,,,,,,,,,,,,,,,,,,,,,,,,,,,,,,,,,
Sheraton Offenbach Hotel,,,,,,,,,,,,,,,,,,,,,,,,,,,,,,5.0,,,,,,,,,4.0,,,4.0,,,,,,5.0,
Sherwood Hills Resort,,,,,,,,,,,,,,,,,,,,,,,,,,,,,,,,,,,,,,,,,,,,,,,,,
Shoshone Lodge,,,,,,,,,,,,,,,,,,,,,,,,,,,,,,,,,,,,,,,,,,,,,,,,,
Sids Resort,,,,,,,,,,,,,,,,,,,,,,,,,,,,,,,,,,,,,,,,,,,,,,,,,
Simoni's Fremont Inn,,,,,,,,,,,,,,,,,,,,,,,,,,,,,,,,,,,,,,,,,,,,,,,,,
Simpson House Inn,,,,,,,,,,,,,,,,5.0,,,,,,,,,,,,5.0,,,,,,,,5.0,,,,,,4.0,,,,,,5.0,
Sir Walter Raleigh Inns of Greenbelt,,,,,,,,,,,,,,,,,,,,,,,,,,,,,,,,,,,,,,,,,,,,,,,,,
Sky Vue Motel,,,,,,,,,,,,,,,,,,,,,,,,,,,,,,,,,,,,,,,,,,,,,,,,,
Sleep Inn At Harbour View,,,,,,,,,,,,,,,5.0,,,,,,,,,3.0,,,,,,,,,,,,,,5.0,3.0,,,4.0,,,4.0,,,5.0,
Sleep Inn Slidell,,,,,,,,,,,,,,,5.0,,,,,,,,,,,,,,,,,,,4.0,,,,,,,,4.0,,,,1.0,,,
Solstice,4.0,,,,,,,,,,,,,,,1.0,,,,,,,4.0,,,,,3.0,,,,,,,1.0,,,,,,,4.0,,,,,5.0,5.0,
Sombrero Resort and Marina,,,,,,,,,,,,,,1.0,,1.0,,,,,,4.0,,,,,3.0,,,,,,,,,,,,,3.0,,1.0,,,1.0,,,5.0,
Sportsmen's Lodge,,,,,,,,,4.0,,,,,,,,4.0,,,,,,4.0,,5.0,,,,,,,,,,5.0,,,,,2.0,,4.0,,,,,,,1.0
Spring Bay Inn,,,,,,,,,,,,,,,,,,,,,,,,,,,,,,,,,,,,,,,,,,,,,,,,,
Spring Fountain Motel,,,,,,,,,,,,,,,,,,,,,,,,,,,,,,,,,,,,,,,,,,,,,,,,,
Springhill Suites,,,,,,,,,,,,,,,,,,,,,,,,,,,,,,,,,,,,,,,,,,,,,,,,,
Spruce Meadow Cabins,,,,,,,,,,,,,,,,,,,,,,,,,,,,,,,,,,,,,,,,,,,,,,,,,
Starwood Resorts Hotel,,,,,,,,,,,,,,,,,,,,,,,,,,,,,,,,,,,,,,,,,,,,,,,,,
Sterling Motel,,,,,,,,,,,,,,,,,,,,,,,,,,,,,,,,,,,,,,,,,,,,,,,,,
Stirling City Hotel,,,,,,,,,,,,,,,,,,,,,,,,,,,,,,,,,,,,,,,,,,,,,,,,,
Stratford Inn,,,,,,,,,,,,,,,,,,,,,,,,,,,,,,,,,,,,,,,,,,,,,,,,,
Studio 6,,,,,,,,,,,,,,,,,,,,,,,,,,,,,,,,,,,,,,,,,,,,,,,,,
Suburban Extended Stay Warner Robins,,,,,,,,,,,,,,,,,,,,,,,,,,,,,,,,,,,,,,,,,,3.0,,,,,,,
Suburban Extended Stay of Memphis Bartlett,,,,,,5.0,,,,,,,,,,,,,,,,,,,,,,,,,,,,2.0,,,,,,,,3.0,,,,,,,
Summit At Big Sky,,,,,,,,5.0,,,,5.0,,,,,,,,,,,,,,,,,,,,,5.0,,,,,,,,,4.0,,,,,,,
Sunset Inn,,,,,,,,,,,,,,,,,,,,,,,,,,,,,,,,,,,,,,,,,,,,,,,,,
Sunset Inn-yosemite Cabins,,,,,,,,,,,,,,,,,,,,,,,,,,,,,,,,,,,,,,,,,,,,,,,,,
Super 8,,,,,,,,,,,,,,,,,,,,,,,,,,,,,,,,,,,,,,,,,,,,,,,,,
Super 8 - Effingham,,,,,,,,,,,,,,3.0,,,,,,,,,,,,4.0,,5.0,,,4.0,,,4.0,,,,,,,,3.0,,,,,,,
Super 8 - Upland,,,,,,,,,,,,,,,,4.0,,,,,,,,,,4.0,,1.0,,2.0,,,,1.0,,,,,,,,2.0,3.0,,1.0,,,,1.0
Super 8 Alamosa,,,,,,,,,,,5.0,,,,,,,,,,,,,,,,,,,,,,,,,,,,,,,,,,,,,,
Super 8 Batesville Ar,,,,,,,3.0,,,,,,4.0,,,,,,,,,,,,,1.0,1.0,4.0,,,,,2.0,,,,,,,,,4.0,,,,,,,
Super 8 Belle Fourche,,,,,,,,,,,2.0,,,,,2.0,3.0,,,,2.0,,,,1.0,,,,,,,,,,,,,4.0,,,,5.0,,,,,,2.0,
Super 8 Big Cabin Vinita Ok,,,,,,,,,,3.0,,,,3.0,,,,,,,,,,,,,,,,,,,,,2.0,4.0,,,,5.0,,4.0,,,,,,,
Super 8 Blackwell Ok,,,,,,,,,,,5.0,,,,,,,,5.0,,,,,,,,,,,,,,,,,,,3.0,,,,1.0,,,,,,4.0,
Super 8 Bradenton Sarasota Area,,,,,,,,,,,,,,,,,,,,,,,,,4.0,,2.0,,,,,,,,1.0,,,,,,,4.0,,,,,,3.0,
Super 8 Carlisle-south,,,,,,,,,,,,,,,,,,,,,,,,,,,,,,,,,,,,,,,,,,,,,,,,,
Super 8 Columbia Dwntwn Sc,,,,,,,,2.0,,,,,,,,,,,,,,,,,,,,,,1.0,,,,,,,,,,,,3.0,,,,,,,
Super 8 Crete Ne,,,,,,,,,,,,4.0,,,,,,,,,,1.0,,4.0,,,,,,,,,,,,,,,3.0,,,1.0,,,,5.0,,3.0,
Super 8 Dallas South,,,,,,,,,,,,2.0,,,,,,,,,,,,,,,,2.0,,,,,,,,,,,,,,2.0,,,,,,2.0,
Super 8 Elko Nv,,,,,,,,5.0,,,,,,,,,,4.0,,,,,,4.0,,,,,,,,,,3.0,3.0,,2.0,,,4.0,4.0,4.0,,,3.0,,,2.0,
Super 8 Fort Collins,,,,,,,,,,4.0,,,,,,,,,,,,,,,,,1.0,,,,,,,,,,3.0,4.0,,,,3.0,,,,,,,
Super 8 Indianapolis,,,,,,,,,,,,,,,,2.0,,,,,,4.0,,,,,5.0,,,,,,,4.0,,,,,,,,5.0,,,,,,,
Super 8 Ithaca,,,,,,,,,,,1.0,,2.0,,,,,,,,,4.0,,4.0,,,,5.0,,,,,3.0,1.0,,,,,3.0,2.0,4.0,4.0,,,,,,,
Super 8 Kansas City Airport,,,,,,,,,,,,2.0,,,,3.0,,,,,,,,,3.0,4.0,,4.0,,,,,,1.0,,,4.0,3.0,,,,3.0,,3.0,,,,,
Super 8 Kingston,,,,,,,,,,,,,,,3.0,,,,,,,,,,,,,,,,,,,,5.0,,5.0,,,,,4.0,,,,,,,
Super 8 Longmont / Del Camino,,,,,,,,,,,2.0,,,,,,,,,,,,,,,,,,,,,,,,,,,,,,,5.0,,,,,,,
Super 8 Madison,,,,,,,4.0,,,3.0,,,,3.0,,3.0,,,,4.0,,,4.0,,5.0,,,,,,,,4.0,,,,,,,,,4.0,,,,,,4.0,
Super 8 Manhattan Ks,,,,,,,,,,4.0,1.0,,,,,,,,5.0,,,,,,,,,,3.0,,,,,,,,3.0,,,,,3.0,,2.0,4.0,,,4.0,
Super 8 Metropolis,4.0,,,,,,,4.0,,,2.0,,,,,,,,,,,,,,,3.0,,,,,,,,,,,,,2.0,4.0,,3.0,,,,4.0,,3.0,3.0
Super 8 Motel Fairmont,,,,,,,,,,,2.0,,,,,,,,,,,,,,,,,,,,,,,,,,,,,,,,,,,,,,
Super 8 Pittsburgh/monroeville,,,,,,,,,,,,1.0,,,,2.0,,,,,,,,,1.0,,,,,,,,,,,,,1.0,3.0,,,3.0,2.0,,,,,,5.0
Super 8 Sallisaw,,,,,,,,,,,,,,,,,,,,,,,,,,,,,,,,,,,,,,,,,,,,,,,,,
Super 8 Schenect/albany Area,,,4.0,,,,,,,,,,,,,,4.0,,,,,,3.0,,4.0,,,,3.0,,,,,,4.0,,,,,,,5.0,,,,,,,
Super 8 Worthington Minnesota,,5.0,,,,,,,,,5.0,2.0,,,,3.0,,,,,,,,,,,,,,,,,,,,,,,4.0,,,4.0,,,,5.0,,,
Terrace Inns Suites,,,,,,,,,,,,,,,,,,,,,,,,,,,,,,,,,,,,,,,,,,,,,,,,,
Terry Peak Ski Area,,,,,,,,,,,,,,,,,,,,,,,,,,,,,,,,,,,,,,,,,,,,,,,,,
The Abbey Resort,,,,,,,,,,,,,,,,,,,,,,,,,,,,,,,,,,,,,,,,,,,,,,5.0,,,
"The Alexandrian, Autograph Collection",4.0,,,,5.0,5.0,5.0,,,,,5.0,5.0,5.0,5.0,5.0,,,5.0,,,5.0,5.0,,3.0,5.0,5.0,4.0,4.0,5.0,,5.0,5.0,4.0,5.0,4.0,5.0,5.0,5.0,4.0,4.0,,5.0,,,5.0,,4.0,5.0
The Amble Inn,,,,,,,,,,,,,,,,,,,,,,,,,,,,,,,,,,,,,,,,,,,,,,,,,
"The Citizen Hotel, Autograph Collection",,,,,,,,,,,,,,,,,,,,,4.9,,,,,,,,,,,,,,,,,,,,,,,,,,,,
The Dec,,,,,,,,,,,,,,,,,,,,,,,,,,,,,,,,,,,,,,,,,,,,,,,,,
The Desmond House Bed & Breakfast,,,,,,,,,,,,,,,,,,,,,,,,,,,,,,,,,,,,,,,,,,,,,,,,,
"The Golden Hotel, An Ascend Hotel Collection Member",,,,,,,,,,,,,,,,,,,,,,,,,,,,,,,,,,,,,,,,,,,,,,,,,
The Governor Hotel,,,,,,,,,,,4.0,,,,,,,,,,,,,,,,,,,,,,,,,,,,,,,,,,,,,,
The Grove Seaside Hotel,,,,,,,,,,,,,,,,,,,,,,,,,,,,,,,,,,,,,,,,,,4.0,,,,,,,
The Houstonian Hotel,,,,,,,4.0,,,,,,,,,5.0,,,5.0,4.0,,,4.0,,,,,,,,,,,5.0,,,,,,,,5.0,5.0,,,,,5.0,
The Inn At Bella Vista,,,,,,,,,,,,,,,,5.0,,,,3.0,,,,5.0,,,,,,,,,,,,,,,,,,5.0,,,,,,,
The Inn On Negley,,,,,,,,,,,,,,,,,,,,,,,,,,,,,,,,,,,,,,,,,,,,,,,,,
The Jayakarta Bali,5.0,,,,,,,,,,,,,,,,,,,,,,,,,,,,,,,,,,,,,,,,,3.0,,,,,,3.0,
The Kingsport Inn,,,,,,,,,,,,,,,,,,,,,,,,,,,,,,,,,,,,,,,,,,,,,,,,,
The Kinney - Venice Beach,,,,,,,,,3.0,,,,,,,,,,,,,,,5.0,4.0,,,,,,,,,2.0,,,,,,,,4.0,,,,,,,
The Litchfield Inn,,,,,,,,,,,,,,,,,,,,,,,,,,,,,,,,,,,,,,,,,,,,,,,,,
The Miner's Inn Motel Restaurant,,,,,,,,,,,,,,,,,,,,,,,,,,,,,,,,,,,,,,,,,,,,,,,,,
The National Conference Center,,,,,,,,,,,,,,,,,,,,,,,,,,,,,,,,,,,,,,,,,,,,,,,,,
The Parkview Memphis,,,,,,,,,,,,,,,,,,,,,,,,,,,,,,,,,,,,,,,,,,,,,,,,,
"The Ritz-carlton Orlando, Grande Lakes",,,,,,,,,,,,,,,,,,,,,,,,,,,,,,,,,,,,,,,,,,,,,,,,,
The Savoy Hotel,,4.0,,,,,,,,,,5.0,,,,,,,,,,,4.0,,,,,4.0,,,,,,,,,,,,,,5.0,,,5.0,,,,
The Westin Buckhead,,,5.0,,,,3.0,,,,,,,,,,,,,,,,,,,,,,,4.0,,4.0,,,,,,,,,,5.0,,,,,,,4.0
The Westin Europa and Regina,,,,,,,2.0,,,,,,5.0,,,,,,,,,,,2.0,,,,,,4.0,,5.0,,,,,,,5.0,,,5.0,,,,,,,
The White House Inn,,,,,,,,,,,,,,,,,,,,,,,,,,,,,,,,,,,,,,,,,,,,,,,,,
Tidewater Inn,,,,,,,,,,,,4.0,,,,3.0,1.0,,,,,,,4.0,4.0,,,,,2.0,,,,,,,,,,,,4.0,4.0,3.0,2.0,,,3.0,3.0
Tiffany House Bed & Breakfast,,,,,,,,,,,,,,,,,,,,,,,,,,,,,,,,,,,,,,,,,,,,,,,,,
Tmc Resort Rentals,,,,,,,,,,,,,,,,,,,,,,,,,,,,,,,,,,,,,,,,,,,,,,,,,
Torian Plum By Wyndham Vacation Rentals,,,,,,,,,,,,,,,,,,,,,,,,,,,,,,,,,,,,,,,,,,,,,,,,,
Towneplace Suites,,,,,,,,,,,,,,,,,,,,,,,,,,,,,,,,,,,,,,,,,,,,,,,,,
Towneplace Suites Albany University Area,,,,,,5.0,,,,,,,,,,5.0,,,,,5.0,,,,,,4.0,3.0,,,,,5.0,1.0,5.0,,,,4.0,,,5.0,,,,,,,
Townplace Suites By Marriott,,,,,,,,,,,,,,,,,,,,,,,,,,,,,,,,,,,,,,,,,,,,,,,,,
Travelodge,,,,,,,,,,,,,,,,,,,,,,,,,,,,,,,,,,,,,,,,,,,,,,,,,
Travelodge Anaheim Convention Center,,,1.0,,,,,,,,,2.0,,,,,,2.0,,,,,,,,,,,,,4.0,,,,,,,2.0,,,1.0,2.0,3.0,,1.0,,,4.0,
Travelodge Ruther Glen,,,,,,,,,,,,,,,,,,,,,,,,,4.0,,,,,,,,,,,,,,,,,3.0,,,,,,,
Truckee Tahoe Htl Larkspur,,,,,,,,,,,,,,,,,,,,,,,,,,,,,,,,,,,,,,,,,,,,,,,,,
Tryp Dusseldorf Krefeld Hotel,,,,,,,,,,,,,,,,2.0,,,,,,,,5.0,,4.0,,,,,,,,,,,,,,,,4.0,,,,,,4.0,
Tulip Inn Turin West,,,,,,,,,,,,,,,,,,,,,,,,,,,,,,,,,,,,,,,,,,5.0,,,,,,5.0,
Turf Motel,,,,,,,,,,,,,,,,,,,,,,,,,,,,,,,,,,,,,,,,,,,,,,,,,
Twelve Hotels & Residences,,,,,,,,,,,,,,,,,,,,,,,,,,,,,,,,,,,,,,,,,,,,,,,,,
Twin Gables of Woodstock,,,,,,,,,,,,,,,,,,,,,,,,,,,,,,,,,,,,,,,,,,,,,,,,,
Una Hotel Forte Dei Marmi,,,,,,,,,,,,,,,,,,,,,,,,,,,,,4.0,,,,,,,,3.0,,4.0,,,3.0,,,,,,,
Unionport Lodge No 333 F A M,,,,,,,,,,,,,,,,,,,,,,,,,,,,,,,,,,,,,,,,,,,,,,,,,
Uptown Motel,,,,,,,,,,,,,,,,,,,,,,,,,,,,,,,,,,,,,,,,,,,,,,,,,
Villa Carlotta,,,,,,,,5.0,,,,5.0,,,,,,,,,,,,,,,,,,,,,,,,,,,5.0,,4.0,5.0,,,5.0,,,,
Villager Inn Motel,,,,,,,,,,,,,,,,,,,,,,,,,,,,,,,,,,,,,,,,,,,,,,,,,
Vista Hotel On Lake Tarpon,,,,,,,,,,5.0,,,3.0,,,5.0,,2.0,,3.0,,,,,,,,4.0,1.0,,,,,,,,,,4.0,,,4.0,,,,,,3.0,4.0
Wakonda Hotel & Bar,,,,,,,,,,,,,,,,,,,,,,,,,,,,,,,,,,,,,,,,,,,,,,,,,
Wallowa Lake Vacation Rentals,,,,,,,,,,,,,,,,,,,,,,,,,,,,,,,,,,,,,,,,,,,,,,,,,
Warwick Denver,,,,,,,,,4.0,,,,,,,2.0,,,,,,,,,,3.0,,,,,,,2.0,,,,,,,4.0,4.0,5.0,,,,,,5.0,
Watermark Bed Breakfast,,,,,,,,,,,,,,,,,,,,,,,,,,,,,,,,,,,,,,,,,,,,,,,,,
Welcome Inn Apartments,,,,,,,,,,,,,,,,,,,,,,,,,,,,,,,,,,,,,,,,,,,,,,,,,
West Side Motel,,,,,,,,,,,,,,,,,,,,,,,,,,,,,,,,,,,,,,,,,,,,,,,,,
Western Inn-glacier Park,2.0,,5.0,,,,4.0,5.0,,2.0,,,,,,4.0,,,,,,,,,1.0,3.0,,4.0,2.0,,,,,,,4.0,4.0,,,,,4.0,,,,,,2.0,
Whiteface Chalet,,,,,,,,,,,,,,,,,,,,,,,,,,,,,,,,,,,,,,,,,,,,,,,,,
Wine Valley Lodge,4.0,,,,,,,,5.0,,,,,3.0,,4.0,,4.0,,,,,,,4.0,,,,,,,,,,5.0,3.0,,,4.0,5.0,,5.0,4.0,,,4.0,,3.0,
Wingate By Wyndham Chantilly / Dulles Airport,,,,,,,,,,,4.0,,1.0,,,,,,,5.0,,,,,,4.0,4.0,,5.0,,,,,,,5.0,,,2.0,,,5.0,,,,,,,
Wingate By Wyndham Pueblo,,,,,,,,,5.0,5.0,,,,,,,,,5.0,,,,,,,5.0,,,,,5.0,,,,,,,5.0,,,,5.0,4.0,5.0,,4.0,,,
Worldwide Hospitality Supply Company,,,,,,,,,,,,,,,,,,,,,,,,,,,,,,,,,,,,,,,,,,,,,,,,,
